date,season,home,away,signed_spread_home,home_win,pred_home_win_prob_model,pred_home_win_prob_normal_rule,correct_pick
2024-10-22,2025,bos,ny,5.5,1,0.6662812643247744,0.6766435101920499,1
2024-10-22,2025,lal,min,-1.5,1,0.42169778197151325,0.45026177516988714,0
2024-10-23,2025,mia,orl,1.5,0,0.5289322619985943,0.5497382248301129,0
2024-10-23,2025,det,ind,-5.5,0,0.29082871532252286,0.32335648980795006,1
2024-10-23,2025,hou,cha,8.5,0,0.754559493297273,0.76063085913355,0
2024-10-23,2025,lac,phx,-4.5,0,0.3213719803044815,0.35383023332727626,1
2024-10-23,2025,atl,bkn,7.5,1,0.7269476277225206,0.7340144709512995,1
2024-10-23,2025,no,chi,5.5,1,0.6662812643247744,0.6766435101920499,1
2024-10-23,2025,phi,mil,-4.5,0,0.3213719803044815,0.35383023332727626,1
2024-10-23,2025,por,gs,-7.5,0,0.23520685355919888,0.26598552904870054,1
2024-10-23,2025,utah,mem,-2.5,0,0.38705784301772184,0.4174843531794775,1
2024-10-23,2025,tor,cle,-6.5,0,0.26206729338357887,0.29402407834845057,1
2024-10-24,2025,dal,sa,8.5,1,0.754559493297273,0.76063085913355,1
2024-10-24,2025,den,okc,2.5,0,0.5645741463955954,0.5825156468205225,0
2024-10-24,2025,sac,min,0.5,0,0.49299289605284846,0.5166177864903634,1
2024-10-24,2025,wsh,bos,-14.5,0,0.10098196890488012,0.11345953586873964,1
2024-10-25,2025,lal,phx,1.5,1,0.5289322619985943,0.5497382248301129,1
2024-10-25,2025,mil,chi,9.5,0,0.7802233236984504,0.7857224683246905,0
2024-10-25,2025,atl,cha,5.5,1,0.6662812643247744,0.6766435101920499,1
2024-10-25,2025,cle,det,10.5,1,0.8039010786471116,0.8092130471474894,1
2024-10-25,2025,hou,mem,3.5,1,0.599560915159678,0.6147292511447229,1
2024-10-25,2025,tor,phi,-5.5,1,0.29082871532252286,0.32335648980795006,0
2024-10-25,2025,por,no,-6.5,0,0.26206729338357887,0.29402407834845057,1
2024-10-25,2025,utah,gs,-6.5,0,0.26206729338357887,0.29402407834845057,1
2024-10-25,2025,orl,bkn,11.5,1,0.8255981042164725,0.831052649787595,1
2024-10-25,2025,ny,ind,4.5,1,0.6335610996027491,0.6461697666727237,1
2024-10-26,2025,cha,mia,-5.5,0,0.29082871532252286,0.32335648980795006,1
2024-10-26,2025,chi,okc,-9.5,0,0.18741159184977063,0.2142775316753095,1
2024-10-26,2025,den,lac,7.5,0,0.7269476277225206,0.7340144709512995,0
2024-10-26,2025,det,bos,-12.5,0,0.1302688592700188,0.14878312418175205,1
2024-10-26,2025,lal,sac,0.5,1,0.49299289605284846,0.5166177864903634,0
2024-10-26,2025,mem,orl,0.5,1,0.49299289605284846,0.5166177864903634,0
2024-10-26,2025,min,tor,14.5,1,0.8793630153390709,0.8865404641312604,1
2024-10-26,2025,phx,dal,-3.5,1,0.35352389733202727,0.3852707488552771,0
2024-10-26,2025,sa,hou,-1.5,1,0.42169778197151325,0.45026177516988714,0
2024-10-26,2025,wsh,cle,-9.5,0,0.18741159184977063,0.2142775316753095,1
2024-10-27,2025,ind,phi,8.5,0,0.754559493297273,0.76063085913355,0
2024-10-27,2025,bkn,mil,-8.5,1,0.21031482644767807,0.23936914086645,0
2024-10-27,2025,okc,atl,10.5,1,0.8039010786471116,0.8092130471474894,1
2024-10-27,2025,por,no,-6.5,1,0.26206729338357887,0.29402407834845057,0
2024-10-27,2025,gs,lac,9.5,0,0.7802233236984504,0.7857224683246905,0
2024-10-28,2025,phx,lal,4.5,1,0.6335610996027491,0.6461697666727237,1
2024-10-28,2025,sa,hou,-2.5,0,0.38705784301772184,0.4174843531794775,1
2024-10-28,2025,atl,wsh,7.5,0,0.7269476277225206,0.7340144709512995,0
2024-10-28,2025,bos,mil,9.5,1,0.7802233236984504,0.7857224683246905,1
2024-10-28,2025,dal,utah,11.5,1,0.8255981042164725,0.831052649787595,1
2024-10-28,2025,mem,chi,4.5,0,0.6335610996027491,0.6461697666727237,0
2024-10-28,2025,mia,det,8.5,1,0.754559493297273,0.76063085913355,1
2024-10-28,2025,ny,cle,2.5,0,0.5645741463955954,0.5825156468205225,0
2024-10-28,2025,orl,ind,5.5,1,0.6662812643247744,0.6766435101920499,1
2024-10-28,2025,sac,por,12.5,1,0.8434800282657007,0.8512168758182479,1
2024-10-28,2025,tor,den,-8.5,0,0.21120220541229456,0.23936914086645,1
2024-10-29,2025,bkn,den,-5.5,0,0.29135128993903614,0.32335648980795006,1
2024-10-29,2025,gs,no,-2.5,1,0.386993793014347,0.4174843531794775,0
2024-10-29,2025,min,dal,4.5,0,0.6319789152774246,0.6461697666727237,0
2024-10-29,2025,utah,sac,-6.5,0,0.2627382276133102,0.29402407834845057,1
2024-10-30,2025,lac,por,8.5,0,0.7526012634166352,0.76063085913355,0
2024-10-30,2025,gs,no,3.5,1,0.5981496454011046,0.6147292511447229,1
2024-10-30,2025,chi,orl,-5.5,1,0.29135128993903614,0.32335648980795006,0
2024-10-30,2025,cle,lal,4.5,1,0.6319789152774246,0.6461697666727237,1
2024-10-30,2025,ind,bos,-6.5,1,0.2627382276133102,0.29402407834845057,0
2024-10-30,2025,wsh,atl,-4.5,1,0.32172064825634294,0.35383023332727626,0
2024-10-30,2025,mem,bkn,12.5,0,0.8434800282657007,0.8512168758182479,0
2024-10-30,2025,okc,sa,12.5,1,0.8434800282657007,0.8512168758182479,1
2024-10-30,2025,phi,det,4.5,0,0.6319789152774246,0.6461697666727237,0
2024-10-30,2025,mia,ny,-1.5,0,0.42140416567565464,0.45026177516988714,1
2024-10-30,2025,cha,tor,6.5,1,0.6956408316319387,0.7059759216515494,1
2024-10-31,2025,mem,mil,-6.5,1,0.2627382276133102,0.29402407834845057,0
2024-10-31,2025,utah,sa,-2.5,0,0.386993793014347,0.4174843531794775,1
2024-10-31,2025,dal,hou,6.5,0,0.6956408316319387,0.7059759216515494,0
2024-10-31,2025,lac,phx,-4.5,0,0.32172064825634294,0.35383023332727626,1
2024-11-01,2025,bkn,chi,1.5,1,0.5279338821535167,0.5497382248301129,1
2024-11-01,2025,cha,bos,-10.5,0,0.1674786181274437,0.19078695285251063,1
2024-11-01,2025,atl,sac,-6.5,0,0.2627382276133102,0.29402407834845057,1
2024-11-01,2025,min,den,3.5,1,0.5981496454011046,0.6147292511447229,1
2024-11-01,2025,cle,orl,7.5,1,0.725035695765543,0.7340144709512995,1
2024-11-01,2025,det,ny,-6.5,0,0.2627382276133102,0.29402407834845057,1
2024-11-01,2025,tor,lal,-9.5,0,0.18836814139171473,0.2142775316753095,1
2024-11-01,2025,no,ind,-4.5,1,0.32172064825634294,0.35383023332727626,0
2024-11-01,2025,por,okc,-11.5,0,0.14848188418035924,0.16894735021240503,1
2024-11-02,2025,mil,cle,1.5,0,0.5279338821535167,0.5497382248301129,0
2024-11-02,2025,cha,bos,-10.5,0,0.1674786181274437,0.19078695285251063,1
2024-11-02,2025,hou,gs,4.5,0,0.6319789152774246,0.6461697666727237,0
2024-11-02,2025,lac,okc,-5.5,0,0.29135128993903614,0.32335648980795006,1
2024-11-02,2025,den,utah,10.5,1,0.80193676436446,0.8092130471474894,1
2024-11-02,2025,phi,mem,-1.5,0,0.42140416567565464,0.45026177516988714,1
2024-11-02,2025,phx,por,12.5,1,0.8434800282657007,0.8512168758182479,1
2024-11-02,2025,tor,sac,-9.5,1,0.18836814139171473,0.2142775316753095,0
2024-11-02,2025,wsh,mia,-9.5,0,0.18836814139171473,0.2142775316753095,1
2024-11-02,2025,sa,min,-3.5,1,0.35367569779242436,0.3852707488552771,0
2024-11-03,2025,bkn,det,3.5,0,0.5981496454011046,0.6147292511447229,0
2024-11-03,2025,dal,orl,6.5,1,0.6956408316319387,0.7059759216515494,1
2024-11-03,2025,no,atl,-1.5,0,0.42140416567565464,0.45026177516988714,1
2024-11-04,2025,den,tor,11.5,1,0.8216059350486795,0.831052649787595,1
2024-11-04,2025,hou,ny,-2.5,1,0.38699300777825757,0.4174843531794775,0
2024-11-04,2025,atl,bos,-10.5,0,0.1686068737323056,0.19078695285251063,1
2024-11-04,2025,chi,utah,7.5,0,0.7230185449528449,0.7340144709512995,0
2024-11-04,2025,cle,mil,8.5,1,0.7505278963148468,0.76063085913355,1
2024-11-04,2025,dal,ind,4.5,0,0.6303335722926648,0.6461697666727237,0
2024-11-04,2025,det,lal,-6.5,1,0.26352028772320246,0.29402407834845057,0
2024-11-04,2025,wsh,gs,-10.5,0,0.1674786181274437,0.19078695285251063,1
2024-11-04,2025,lac,sa,4.5,1,0.6319789152774246,0.6461697666727237,1
2024-11-04,2025,min,cha,11.5,1,0.8236678623654927,0.831052649787595,1
2024-11-04,2025,no,por,1.5,0,0.5279338821535167,0.5497382248301129,0
2024-11-04,2025,okc,orl,12.5,1,0.8434800282657007,0.8512168758182479,1
2024-11-04,2025,phx,phi,7.5,1,0.725035695765543,0.7340144709512995,1
2024-11-04,2025,mia,sac,0.5,0,0.49222497569598533,0.5166177864903634,1
2024-11-04,2025,bkn,mem,-4.5,1,0.3221605308922795,0.35383023332727626,0
2024-11-06,2025,den,okc,-7.5,1,0.23690980529951478,0.26598552904870054,0
2024-11-06,2025,atl,ny,-7.5,1,0.23690980529951478,0.26598552904870054,0
2024-11-06,2025,bos,gs,6.5,0,0.6937136702122194,0.7059759216515494,0
2024-11-06,2025,cha,det,-1.5,1,0.4211573130145269,0.45026177516988714,0
2024-11-06,2025,dal,chi,10.5,1,0.7998441411029703,0.8092130471474894,1
2024-11-06,2025,hou,sa,6.5,1,0.6937136702122194,0.7059759216515494,1
2024-11-06,2025,ind,orl,5.5,1,0.662754506039553,0.6766435101920499,1
2024-11-06,2025,mem,lal,4.5,1,0.6303335722926648,0.6461697666727237,1
2024-11-06,2025,no,cle,-6.5,0,0.26352028772320246,0.29402407834845057,1
2024-11-06,2025,phx,mia,5.5,1,0.662754506039553,0.6766435101920499,1
2024-11-06,2025,sac,tor,11.5,1,0.8216059350486795,0.831052649787595,1
2024-11-06,2025,lac,phi,2.5,1,0.5621167632247952,0.5825156468205225,1
2024-11-07,2025,chi,min,-9.5,0,0.1894500538457966,0.2142775316753095,1
2024-11-07,2025,mil,utah,9.5,1,0.7761509570153192,0.7857224683246905,1
2024-11-07,2025,sa,por,4.5,1,0.6303335722926648,0.6461697666727237,1
2024-11-08,2025,det,atl,2.5,1,0.5621167632247952,0.5825156468205225,1
2024-11-08,2025,bos,bkn,13.5,1,0.8595016183932807,0.8697054828631912,1
2024-11-08,2025,cha,ind,-6.5,1,0.26352028772320246,0.29402407834845057,0
2024-11-08,2025,dal,phx,2.5,0,0.5621167632247952,0.5825156468205225,0
2024-11-08,2025,den,mia,3.5,1,0.5966925231849021,0.6147292511447229,1
2024-11-08,2025,ny,mil,6.5,1,0.6937136702122194,0.7059759216515494,1
2024-11-08,2025,cle,gs,3.5,1,0.5966925231849021,0.6147292511447229,1
2024-11-08,2025,mem,wsh,7.5,1,0.7230185449528449,0.7340144709512995,1
2024-11-08,2025,min,por,12.5,1,0.8414706432330229,0.8512168758182479,1
2024-11-08,2025,okc,hou,7.5,1,0.7230185449528449,0.7340144709512995,1
2024-11-08,2025,orl,no,7.5,1,0.7230185449528449,0.7340144709512995,1
2024-11-08,2025,sac,lac,6.5,0,0.6937136702122194,0.7059759216515494,0
2024-11-08,2025,lal,phi,7.5,1,0.7230185449528449,0.7340144709512995,1
2024-11-09,2025,atl,chi,2.5,0,0.5621167632247952,0.5825156468205225,0
2024-11-09,2025,cle,bkn,12.5,1,0.8414706432330229,0.8512168758182479,1
2024-11-09,2025,lac,tor,6.5,1,0.6937136702122194,0.7059759216515494,1
2024-11-09,2025,sa,utah,6.5,0,0.6937136702122194,0.7059759216515494,0
2024-11-10,2025,phx,sac,-1.5,0,0.4211573130145269,0.45026177516988714,1
2024-11-10,2025,det,hou,-3.5,0,0.3539056666443923,0.3852707488552771,1
2024-11-10,2025,ind,ny,-3.5,1,0.3539056666443923,0.3852707488552771,0
2024-11-10,2025,lal,tor,10.5,1,0.7998441411029703,0.8092130471474894,1
2024-11-10,2025,phi,cha,4.5,1,0.6303335722926648,0.6461697666727237,1
2024-11-10,2025,min,mia,7.5,0,0.7230185449528449,0.7340144709512995,0
2024-11-10,2025,okc,gs,6.5,0,0.6937136702122194,0.7059759216515494,0
2024-11-10,2025,orl,wsh,11.5,1,0.8216059350486795,0.831052649787595,1
2024-11-10,2025,mil,bos,-5.5,0,0.2919760944001313,0.32335648980795006,1
2024-11-10,2025,den,dal,2.5,1,0.5621167632247952,0.5825156468205225,1
2024-11-10,2025,por,mem,-1.5,0,0.42723784251364655,0.45026177516988714,1
2024-11-11,2025,no,bkn,-1.5,0,0.42723784251364655,0.45026177516988714,1
2024-11-11,2025,hou,wsh,12.5,1,0.8423297710606749,0.8512168758182479,1
2024-11-11,2025,sa,sac,-3.5,1,0.3602253511091507,0.3852707488552771,0
2024-11-11,2025,okc,lac,6.5,1,0.6967557564622506,0.7059759216515494,1
2024-11-11,2025,chi,cle,-8.5,0,0.21797139679394517,0.23936914086645,1
2024-11-12,2025,bos,atl,15.5,0,0.890664888187437,0.9017636970803051,0
2024-11-12,2025,det,mia,-1.5,1,0.42723784251364655,0.45026177516988714,0
2024-11-12,2025,gs,dal,2.5,1,0.5669415098070311,0.5825156468205225,1
2024-11-12,2025,mil,tor,8.5,1,0.7527164372816838,0.76063085913355,1
2024-11-12,2025,orl,cha,8.5,1,0.7527164372816838,0.76063085913355,1
2024-11-12,2025,phi,ny,-3.5,0,0.3602253511091507,0.3852707488552771,1
2024-11-12,2025,por,min,-8.5,1,0.21797139679394517,0.23936914086645,0
2024-11-12,2025,utah,phx,-5.5,0,0.29825051295489263,0.32335648980795006,1
2024-11-13,2025,ny,chi,8.5,0,0.7527164372816838,0.76063085913355,0
2024-11-13,2025,bkn,bos,-9.5,0,0.1949508704571628,0.2142775316753095,1
2024-11-13,2025,hou,lac,4.5,1,0.6342840288279822,0.6461697666727237,1
2024-11-13,2025,mil,det,7.5,1,0.7256224217425354,0.7340144709512995,1
2024-11-13,2025,phi,cle,-11.5,0,0.15454204594135337,0.16894735021240503,1
2024-11-13,2025,lal,mem,7.5,1,0.7256224217425354,0.7340144709512995,1
2024-11-13,2025,orl,ind,1.5,1,0.5321443765009145,0.5497382248301129,1
2024-11-13,2025,por,min,-10.5,1,0.1738212070604539,0.19078695285251063,0
2024-11-13,2025,sa,wsh,9.5,1,0.7779537064958782,0.7857224683246905,1
2024-11-13,2025,sac,phx,8.5,1,0.7527164372816838,0.76063085913355,1
2024-11-13,2025,okc,no,14.5,1,0.8761995001914192,0.8865404641312604,1
2024-11-14,2025,utah,dal,-7.5,1,0.24289012373411575,0.26598552904870054,0
2024-11-15,2025,no,den,-2.5,1,0.39322932890712703,0.4174843531794775,0
2024-11-15,2025,atl,wsh,9.5,1,0.7779537064958782,0.7857224683246905,1
2024-11-15,2025,cle,chi,9.5,1,0.7779537064958782,0.7857224683246905,1
2024-11-15,2025,gs,mem,6.5,1,0.6967557564622506,0.7059759216515494,1
2024-11-15,2025,ind,mia,4.5,0,0.6342840288279822,0.6461697666727237,0
2024-11-15,2025,hou,lac,4.5,1,0.6342840288279822,0.6461697666727237,1
2024-11-15,2025,orl,phi,2.5,1,0.5669415098070311,0.5825156468205225,1
2024-11-15,2025,okc,phx,7.5,1,0.7256224217425354,0.7340144709512995,1
2024-11-15,2025,sa,lal,-2.5,0,0.39322932890712703,0.4174843531794775,1
2024-11-15,2025,sac,min,-1.5,0,0.42723784251364655,0.45026177516988714,1
2024-11-15,2025,tor,det,-2.5,0,0.39322932890712703,0.4174843531794775,1
2024-11-15,2025,ny,bkn,8.5,1,0.7527164372816838,0.76063085913355,1
2024-11-16,2025,dal,sa,13.5,1,0.860120860208242,0.8697054828631912,1
2024-11-16,2025,bos,tor,16.5,1,0.9036259840018617,0.9154342776486643,1
2024-11-16,2025,no,lal,-7.5,0,0.24289012373411575,0.26598552904870054,1
2024-11-16,2025,sac,utah,7.5,1,0.7256224217425354,0.7340144709512995,1
2024-11-16,2025,cha,mil,-3.5,1,0.3602253511091507,0.3852707488552771,0
2024-11-17,2025,chi,hou,-4.5,0,0.3284917787837455,0.35383023332727626,1
2024-11-17,2025,cle,cha,10.5,1,0.801295243481692,0.8092130471474894,1
2024-11-17,2025,ind,mia,3.5,1,0.6010906594653949,0.6147292511447229,1
2024-11-17,2025,lac,utah,9.5,1,0.7779537064958782,0.7857224683246905,1
2024-11-17,2025,mem,den,5.5,1,0.6662489642002711,0.6766435101920499,1
2024-11-17,2025,min,phx,7.5,1,0.7256224217425354,0.7340144709512995,1
2024-11-17,2025,ny,bkn,10.5,1,0.801295243481692,0.8092130471474894,1
2024-11-17,2025,okc,dal,7.5,0,0.7304921001672693,0.7340144709512995,0
2024-11-17,2025,por,atl,-4.5,1,0.3327131528958603,0.35383023332727626,0
2024-11-17,2025,wsh,det,-4.5,0,0.3327131528958603,0.35383023332727626,1
2024-11-18,2025,lac,gs,-5.5,1,0.30216116916300373,0.32335648980795006,0
2024-11-18,2025,mil,hou,3.5,1,0.6065342988405396,0.6147292511447229,1
2024-11-18,2025,det,chi,4.5,0,0.6396523837711847,0.6461697666727237,0
2024-11-18,2025,mia,phi,2.5,1,0.5724071410191409,0.5825156468205225,1
2024-11-18,2025,sac,atl,4.5,0,0.6396523837711847,0.6461697666727237,0
2024-11-18,2025,tor,ind,-2.5,1,0.39801025830343384,0.4174843531794775,0
2024-11-18,2025,phx,orl,-4.5,0,0.3327131528958603,0.35383023332727626,1
2024-11-18,2025,ny,wsh,14.5,1,0.8791854418116792,0.8865404641312604,1
2024-11-19,2025,bkn,cha,1.5,1,0.5375766921307911,0.5497382248301129,1
2024-11-19,2025,bos,cle,6.5,1,0.7018310388468042,0.7059759216515494,1
2024-11-19,2025,dal,no,12.5,1,0.8458691007147984,0.8512168758182479,1
2024-11-19,2025,lal,utah,10.5,1,0.8053988773514409,0.8092130471474894,1
2024-11-19,2025,mem,den,5.5,0,0.6714926914730011,0.6766435101920499,0
2024-11-19,2025,sa,okc,-9.5,1,0.19759706496717017,0.2142775316753095,0
2024-11-20,2025,gs,atl,7.5,1,0.7304921001672693,0.7340144709512995,1
2024-11-20,2025,cle,no,14.5,1,0.8791854418116792,0.8865404641312604,1
2024-11-20,2025,hou,ind,5.5,1,0.6714926914730011,0.6766435101920499,1
2024-11-20,2025,lac,orl,-2.5,1,0.39801025830343384,0.4174843531794775,0
2024-11-20,2025,mem,phi,-4.5,1,0.3327131528958603,0.35383023332727626,0
2024-11-20,2025,okc,por,13.5,1,0.8633798995286768,0.8697054828631912,1
2024-11-20,2025,mil,chi,8.5,1,0.7573506663176851,0.76063085913355,1
2024-11-20,2025,phx,ny,-4.5,0,0.3327131528958603,0.35383023332727626,1
2024-11-21,2025,cha,det,-2.5,1,0.39801025830343384,0.4174843531794775,0
2024-11-21,2025,lal,orl,5.5,0,0.6714926914730011,0.6766435101920499,0
2024-11-21,2025,sa,utah,2.5,1,0.5724071410191409,0.5825156468205225,1
2024-11-21,2025,tor,min,-6.5,1,0.2732657781131351,0.29402407834845057,0
2024-11-22,2025,chi,atl,-1.5,1,0.4322506785918532,0.45026177516988714,0
2024-11-22,2025,den,dal,4.5,0,0.6396523837711847,0.6461697666727237,0
2024-11-22,2025,hou,por,11.5,1,0.8265647677729788,0.831052649787595,1
2024-11-22,2025,lac,sac,-4.5,1,0.3327131528958603,0.35383023332727626,0
2024-11-22,2025,mil,ind,5.5,1,0.6714926914730011,0.6766435101920499,1
2024-11-22,2025,no,gs,-10.5,0,0.17617659839168023,0.19078695285251063,1
2024-11-22,2025,phi,bkn,3.5,1,0.6065342988405396,0.6147292511447229,1
2024-11-22,2025,wsh,bos,-15.5,0,0.09552981304928287,0.09823630291969482,1
2024-11-23,2025,chi,mem,-4.5,0,0.3327131528958603,0.35383023332727626,1
2024-11-23,2025,hou,por,12.5,0,0.8458691007147984,0.8512168758182479,0
2024-11-23,2025,lal,den,4.5,0,0.6396523837711847,0.6461697666727237,0
2024-11-23,2025,mil,cha,7.5,1,0.7304921001672693,0.7340144709512995,1
2024-11-23,2025,orl,det,9.5,1,0.7823301515345201,0.7857224683246905,1
2024-11-23,2025,sa,gs,-3.5,1,0.3647396834430783,0.3852707488552771,0
2024-11-23,2025,utah,ny,-8.5,1,0.2209235219255997,0.23936914086645,0
2024-11-24,2025,bos,min,8.5,1,0.7573506663176851,0.76063085913355,1
2024-11-24,2025,cle,tor,11.5,1,0.8265647677729788,0.831052649787595,1
2024-11-24,2025,ind,wsh,12.5,1,0.8458691007147984,0.8512168758182479,1
2024-11-24,2025,mia,dal,2.5,1,0.5724071410191409,0.5825156468205225,1
2024-11-24,2025,phi,lac,-1.5,0,0.4322506785918532,0.45026177516988714,1
2024-11-24,2025,sac,bkn,10.5,0,0.8053988773514409,0.8092130471474894,0
2024-11-25,2025,atl,dal,2.5,0,0.5764133469556888,0.5825156468205225,0
2024-11-25,2025,bos,lac,10.5,1,0.803430883659747,0.8092130471474894,1
2024-11-25,2025,cha,orl,-4.5,0,0.3420286331555379,0.35383023332727626,1
2024-11-25,2025,sac,okc,-3.5,0,0.3736029831544883,0.3852707488552771,1
2024-11-25,2025,den,ny,2.5,0,0.5764133469556888,0.5825156468205225,0
2024-11-25,2025,gs,bkn,13.5,0,0.8606028236122822,0.8697054828631912,0
2024-11-25,2025,ind,no,7.5,1,0.7301627101797801,0.7340144709512995,1
2024-11-25,2025,mem,por,10.5,1,0.803430883659747,0.8092130471474894,1
2024-11-25,2025,det,tor,4.5,1,0.6417618854040056,0.6461697666727237,1
2024-11-26,2025,mia,mil,5.5,0,0.6727161681309783,0.6766435101920499,0
2024-11-26,2025,min,hou,2.5,0,0.5764133469556888,0.5825156468205225,0
2024-11-26,2025,phx,lal,2.5,1,0.5764133469556888,0.5825156468205225,1
2024-11-26,2025,utah,sa,-1.5,0,0.43983341597371495,0.45026177516988714,1
2024-11-26,2025,wsh,chi,-5.5,0,0.3117944875316563,0.32335648980795006,1
2024-11-27,2025,mem,det,7.5,1,0.7301627101797801,0.7340144709512995,1
2024-11-27,2025,cha,mia,-4.5,0,0.3420286331555379,0.35383023332727626,1
2024-11-27,2025,min,sac,2.5,0,0.5764133469556888,0.5825156468205225,0
2024-11-27,2025,dal,ny,-4.5,1,0.3420286331555379,0.35383023332727626,0
2024-11-27,2025,gs,okc,-4.5,0,0.3420286331555379,0.35383023332727626,1
2024-11-27,2025,ind,por,9.5,1,0.7808113485205741,0.7857224683246905,1
2024-11-27,2025,cle,atl,9.5,0,0.7808113485205741,0.7857224683246905,0
2024-11-27,2025,utah,den,-10.5,0,0.18555968506539974,0.19078695285251063,1
2024-11-27,2025,phi,hou,-5.5,0,0.3117944875316563,0.32335648980795006,1
2024-11-27,2025,phx,bkn,9.5,0,0.7808113485205741,0.7857224683246905,0
2024-11-27,2025,sa,lal,-1.5,0,0.43983341597371495,0.45026177516988714,1
2024-11-27,2025,wsh,lac,-9.5,0,0.20723912741972125,0.2142775316753095,1
2024-11-27,2025,orl,chi,9.5,1,0.7808113485205741,0.7857224683246905,1
2024-11-27,2025,no,tor,0.5,0,0.5082778384503226,0.5166177864903634,0
2024-11-29,2025,atl,cle,-5.5,1,0.3117944875316563,0.32335648980795006,0
2024-11-29,2025,bkn,orl,-7.5,0,0.25603196664170924,0.26598552904870054,1
2024-11-29,2025,cha,ny,-12.5,0,0.14753369415587061,0.14878312418175205,1
2024-11-29,2025,chi,bos,-11.5,0,0.16567419062399535,0.16894735021240503,1
2024-11-29,2025,ind,det,4.5,0,0.6417618854040056,0.6461697666727237,0
2024-11-29,2025,lal,okc,-2.5,0,0.40629226043204336,0.4174843531794775,1
2024-11-29,2025,mem,no,11.5,1,0.8242415938216298,0.831052649787595,1
2024-11-29,2025,mia,tor,8.5,1,0.756378205106422,0.76063085913355,1
2024-11-29,2025,min,lac,5.5,1,0.6727161681309783,0.6766435101920499,1
2024-11-29,2025,por,sac,-7.5,1,0.25603196664170924,0.26598552904870054,0
2024-11-30,2025,cha,atl,-5.5,0,0.3117944875316563,0.32335648980795006,1
2024-11-30,2025,det,phi,0.5,0,0.5082778384503226,0.5166177864903634,0
2024-11-30,2025,mil,wsh,14.5,1,0.8762927271243643,0.8865404641312604,1
2024-11-30,2025,phx,gs,0.5,1,0.5082778384503226,0.5166177864903634,1
2024-11-30,2025,utah,dal,-5.5,0,0.3117944875316563,0.32335648980795006,1
2024-12-01,2025,utah,lal,-5.5,0,0.30768832836070736,0.32335648980795006,1
2024-12-01,2025,cle,bos,1.5,1,0.5379424180443484,0.5497382248301129,1
2024-12-01,2025,hou,okc,-1.5,1,0.43983341597371495,0.45026177516988714,0
2024-12-01,2025,lac,den,-2.5,1,0.40629226043204336,0.4174843531794775,0
2024-12-01,2025,tor,mia,-4.5,1,0.3420286331555379,0.35383023332727626,0
2024-12-01,2025,ny,no,12.5,1,0.8432788521681178,0.8512168758182479,1
2024-12-01,2025,por,dal,-5.5,0,0.3117944875316563,0.32335648980795006,1
2024-12-01,2025,sac,sa,6.5,0,0.7022367698776766,0.7059759216515494,0
2024-12-01,2025,mem,ind,5.5,1,0.6687094662538624,0.6766435101920499,1
2024-12-01,2025,bkn,orl,-6.5,0,0.28308308908254254,0.29402407834845057,1
2024-12-02,2025,atl,no,9.5,1,0.777757541927377,0.7857224683246905,1
2024-12-02,2025,bos,mia,9.5,1,0.777757541927377,0.7857224683246905,1
2024-12-02,2025,chi,bkn,7.5,1,0.7266118645335202,0.7340144709512995,1
2024-12-02,2025,min,lal,7.5,1,0.7266118645335202,0.7340144709512995,1
2024-12-03,2025,cha,phi,-4.5,0,0.33774133048325605,0.35383023332727626,1
2024-12-03,2025,cle,wsh,15.5,1,0.8887547210773101,0.9017636970803051,1
2024-12-03,2025,dal,mem,4.5,1,0.637558039629432,0.6461697666727237,1
2024-12-03,2025,den,gs,4.5,1,0.637558039629432,0.6461697666727237,1
2024-12-03,2025,det,mil,-2.5,0,0.40173769026909106,0.4174843531794775,1
2024-12-03,2025,lac,por,8.5,1,0.7530736480783424,0.76063085913355,1
2024-12-03,2025,ny,orl,5.5,1,0.6687094662538624,0.6766435101920499,1
2024-12-03,2025,okc,utah,13.5,1,0.8585061799864304,0.8697054828631912,1
2024-12-03,2025,phx,sa,6.5,1,0.6984498275209491,0.7059759216515494,1
2024-12-03,2025,sac,hou,1.5,1,0.5379424180443484,0.5497382248301129,1
2024-12-03,2025,tor,ind,-3.5,1,0.3691644678899903,0.3852707488552771,0
2024-12-04,2025,bkn,ind,-2.5,1,0.40173769026909106,0.4174843531794775,0
2024-12-04,2025,bos,det,12.5,1,0.8409568566756389,0.8512168758182479,1
2024-12-04,2025,lac,min,-4.5,0,0.33774133048325605,0.35383023332727626,1
2024-12-04,2025,mia,lal,3.5,1,0.6052067624764208,0.6147292511447229,1
2024-12-04,2025,mil,atl,4.5,0,0.637558039629432,0.6461697666727237,0
2024-12-04,2025,phi,orl,-6.5,0,0.2791821803653539,0.29402407834845057,1
2024-12-05,2025,cle,den,3.5,1,0.6052067624764208,0.6147292511447229,1
2024-12-05,2025,gs,hou,-3.5,1,0.3691644678899903,0.3852707488552771,0
2024-12-05,2025,mem,sac,2.5,1,0.5719067703928645,0.5825156468205225,1
2024-12-05,2025,no,phx,-1.5,1,0.4352022214847529,0.45026177516988714,0
2024-12-05,2025,ny,cha,14.5,1,0.8744082520779012,0.8865404641312604,1
2024-12-05,2025,sa,chi,1.5,0,0.5379424180443484,0.5497382248301129,0
2024-12-05,2025,tor,okc,-10.5,0,0.1826025039187443,0.19078695285251063,1
2024-12-05,2025,wsh,dal,-13.5,0,0.1288087496083391,0.13029451713680884,1
2024-12-06,2025,atl,lal,3.5,1,0.6052067624764208,0.6147292511447229,1
2024-12-06,2025,bos,mil,8.5,1,0.7530736480783424,0.76063085913355,1
2024-12-06,2025,chi,ind,-3.5,0,0.3691644678899903,0.3852707488552771,1
2024-12-06,2025,gs,min,-1.5,0,0.4352022214847529,0.45026177516988714,1
2024-12-06,2025,phi,orl,-2.5,1,0.40173769026909106,0.4174843531794775,0
2024-12-06,2025,por,utah,3.5,0,0.6052067624764208,0.6147292511447229,0
2024-12-06,2025,sa,sac,-6.5,0,0.2791821803653539,0.29402407834845057,1
2024-12-07,2025,cha,cle,-13.5,0,0.1288087496083391,0.13029451713680884,1
2024-12-07,2025,bos,mem,7.5,0,0.7266118645335202,0.7340144709512995,0
2024-12-07,2025,no,okc,-7.5,0,0.2523543530342025,0.26598552904870054,1
2024-12-07,2025,ny,det,8.5,0,0.7530736480783424,0.76063085913355,0
2024-12-07,2025,mia,phx,5.5,1,0.6687094662538624,0.6766435101920499,1
2024-12-07,2025,wsh,den,-11.5,1,0.16295730930149607,0.16894735021240503,0
2024-12-07,2025,tor,dal,-7.5,0,0.2523543530342025,0.26598552904870054,1
2024-12-08,2025,atl,den,0.5,0,0.5065167730918269,0.5166177864903634,0
2024-12-08,2025,bkn,mil,-6.5,0,0.27922614614013613,0.29402407834845057,1
2024-12-08,2025,chi,phi,-3.5,0,0.3703500421651354,0.3852707488552771,1
2024-12-08,2025,gs,min,1.5,1,0.5412223609760357,0.5497382248301129,1
2024-12-08,2025,ind,cha,11.5,0,0.8259547329637157,0.831052649787595,0
2024-12-08,2025,lac,hou,-3.5,0,0.3703500421651354,0.3852707488552771,1
2024-12-08,2025,lal,por,7.5,1,0.7311451883445308,0.7340144709512995,1
2024-12-08,2025,mia,cle,-2.5,1,0.40335158340097715,0.4174843531794775,0
2024-12-08,2025,orl,phx,1.5,1,0.5379424180443484,0.5497382248301129,1
2024-12-08,2025,sa,no,6.5,1,0.6984498275209491,0.7059759216515494,1
2024-12-08,2025,sac,utah,10.5,1,0.8006271837154819,0.8092130471474894,1
2024-12-08,2025,wsh,mem,-10.5,0,0.1826025039187443,0.19078695285251063,1
2024-12-09,2025,tor,ny,-7.5,0,0.25208944689199964,0.26598552904870054,1
2024-12-10,2025,mil,orl,8.5,1,0.7576129036325162,0.76063085913355,1
2024-12-10,2025,okc,dal,4.5,1,0.6417235161819347,0.6461697666727237,1
2024-12-11,2025,hou,gs,3.5,1,0.6091299707992742,0.6147292511447229,1
2024-12-11,2025,ny,atl,8.5,0,0.7576129036325162,0.76063085913355,0
2024-12-12,2025,bos,det,11.5,1,0.8259547329637157,0.831052649787595,1
2024-12-12,2025,mia,tor,10.5,1,0.8050291692486241,0.8092130471474894,1
2024-12-12,2025,no,sac,-6.5,0,0.27922614614013613,0.29402407834845057,1
2024-12-13,2025,chi,cha,5.5,1,0.6730579642167144,0.6766435101920499,1
2024-12-13,2025,cle,wsh,17.5,1,0.9162459678331342,0.9276256566985022,1
2024-12-13,2025,den,lac,7.5,1,0.7311451883445308,0.7340144709512995,1
2024-12-13,2025,mem,bkn,9.5,1,0.7822509854492312,0.7857224683246905,1
2024-12-13,2025,min,lal,8.5,1,0.7576129036325162,0.76063085913355,1
2024-12-13,2025,phi,ind,6.5,0,0.7029206125033035,0.7059759216515494,0
2024-12-13,2025,por,sa,-3.5,0,0.3703500421651354,0.3852707488552771,1
2024-12-13,2025,utah,phx,-6.5,0,0.27922614614013613,0.29402407834845057,1
2024-12-14,2025,mil,atl,3.5,1,0.6091299707992742,0.6147292511447229,1
2024-12-14,2025,okc,hou,5.5,1,0.6730579642167144,0.6766435101920499,1
2024-12-15,2025,ind,no,7.5,1,0.7311451883445308,0.7340144709512995,1
2024-12-15,2025,gs,dal,1.5,0,0.5412223609760357,0.5497382248301129,0
2024-12-15,2025,wsh,bos,-17.5,0,0.07731075647137055,0.07237434330149783,1
2024-12-15,2025,lal,mem,-2.5,1,0.40335158340097715,0.4174843531794775,0
2024-12-15,2025,sa,min,-4.5,0,0.3385166750971019,0.35383023332727626,1
2024-12-15,2025,phx,por,11.5,1,0.8259547329637157,0.831052649787595,1
2024-12-15,2025,orl,ny,-4.5,0,0.3385166750971019,0.35383023332727626,1
2024-12-16,2025,bkn,cle,-10.5,0,0.18166797998485695,0.19078695285251063,1
2024-12-16,2025,cha,phi,-2.5,0,0.40335158340097715,0.4174843531794775,1
2024-12-16,2025,det,mia,-4.5,1,0.3385166750971019,0.35383023332727626,0
2024-12-16,2025,lac,utah,7.5,1,0.7311451883445308,0.7340144709512995,1
2024-12-16,2025,sac,den,1.5,0,0.5412223609760357,0.5497382248301129,0
2024-12-16,2025,tor,chi,-1.5,0,0.43725170720089934,0.45026177516988714,1
2024-12-19,2025,min,ny,3.5,0,0.6078106540117457,0.6147292511447229,0
2024-12-19,2025,bos,chi,14.5,0,0.8782916670732535,0.8865404641312604,0
2024-12-19,2025,dal,lac,1.5,0,0.5412223609760357,0.5497382248301129,0
2024-12-19,2025,hou,no,9.5,1,0.7822509854492312,0.7857224683246905,1
2024-12-19,2025,mem,gs,1.5,1,0.5412223609760357,0.5497382248301129,1
2024-12-19,2025,sa,atl,1.5,1,0.5412223609760357,0.5497382248301129,1
2024-12-19,2025,det,utah,4.5,0,0.6417235161819347,0.6461697666727237,0
2024-12-19,2025,phx,ind,6.5,0,0.7029206125033035,0.7059759216515494,0
2024-12-19,2025,por,den,-8.5,1,0.22676032867735357,0.23936914086645,0
2024-12-19,2025,sac,lal,4.5,0,0.6417235161819347,0.6461697666727237,0
2024-12-19,2025,tor,bkn,2.5,0,0.5755325752126855,0.5825156468205225,0
2024-12-19,2025,wsh,cha,-3.5,1,0.3703500421651354,0.3852707488552771,0
2024-12-19,2025,orl,okc,-6.5,0,0.27922614614013613,0.29402407834845057,1
2024-12-20,2025,cle,mil,8.5,1,0.7571863836846151,0.76063085913355,1
2024-12-20,2025,mia,okc,-1.5,0,0.4350987358770515,0.45026177516988714,1
2024-12-20,2025,phi,cha,13.5,1,0.8625356578664595,0.8697054828631912,1
2024-12-21,2025,sac,lal,3.5,0,0.6078106540117457,0.6147292511447229,0
2024-12-21,2025,atl,mem,-1.5,0,0.4350987358770515,0.45026177516988714,1
2024-12-21,2025,chi,bos,-12.5,0,0.1419350080372944,0.14878312418175205,1
2024-12-21,2025,cle,phi,9.5,1,0.7819650416396563,0.7857224683246905,1
2024-12-21,2025,dal,lac,3.5,1,0.6078106540117457,0.6147292511447229,1
2024-12-21,2025,phx,det,5.5,0,0.6721217866986798,0.6766435101920499,0
2024-12-21,2025,min,gs,4.5,0,0.6405974042058767,0.6461697666727237,0
2024-12-21,2025,no,ny,-8.5,0,0.2244441196448642,0.23936914086645,1
2024-12-21,2025,orl,mia,1.5,1,0.5395273471823808,0.5497382248301129,1
2024-12-21,2025,sa,por,6.5,1,0.702166645045545,0.7059759216515494,1
2024-12-21,2025,mil,wsh,8.5,1,0.7571863836846151,0.76063085913355,1
2024-12-21,2025,bkn,utah,1.5,0,0.5395273471823808,0.5497382248301129,0
2024-12-22,2025,tor,hou,-8.5,0,0.2244441196448642,0.23936914086645,1
2024-12-22,2025,no,den,-8.5,0,0.2244441196448642,0.23936914086645,1
2024-12-22,2025,sac,ind,3.5,0,0.6078106540117457,0.6147292511447229,0
2024-12-23,2025,chi,mil,2.5,0,0.574021831640994,0.5825156468205225,0
2024-12-23,2025,gs,ind,5.5,0,0.6721217866986798,0.6766435101920499,0
2024-12-23,2025,atl,min,-3.5,1,0.36801158769449116,0.3852707488552771,0
2024-12-23,2025,cha,hou,-6.5,0,0.2768232155485174,0.29402407834845057,1
2024-12-23,2025,cle,utah,14.5,1,0.8782916670732535,0.8865404641312604,1
2024-12-23,2025,dal,por,12.5,1,0.8450996587529658,0.8512168758182479,1
2024-12-23,2025,den,phx,4.5,1,0.6405974042058767,0.6461697666727237,1
2024-12-23,2025,mem,lac,6.5,0,0.702166645045545,0.7059759216515494,0
2024-12-23,2025,mia,bkn,9.5,1,0.7819650416396563,0.7857224683246905,1
2024-12-23,2025,okc,wsh,17.5,1,0.9165117701426684,0.9276256566985022,1
2024-12-23,2025,orl,bos,-7.5,1,0.24971854540811914,0.26598552904870054,0
2024-12-23,2025,phi,sa,5.5,1,0.6721217866986798,0.6766435101920499,1
2024-12-23,2025,ny,tor,13.5,1,0.8625356578664595,0.8697054828631912,1
2024-12-23,2025,lal,det,6.5,0,0.702166645045545,0.7059759216515494,0
2024-12-25,2025,dal,min,5.5,0,0.6721217866986798,0.6766435101920499,0
2024-12-25,2025,ny,sa,8.5,1,0.7571863836846151,0.76063085913355,1
2024-12-25,2025,bos,phi,9.5,0,0.7819650416396563,0.7857224683246905,0
2024-12-25,2025,phx,den,-2.5,1,0.4010919673736442,0.4174843531794775,0
2024-12-25,2025,gs,lal,4.5,0,0.6405974042058767,0.6461697666727237,0
2024-12-26,2025,no,hou,-6.5,0,0.2768232155485174,0.29402407834845057,1
2024-12-26,2025,mem,tor,10.5,1,0.8048667306488596,0.8092130471474894,1
2024-12-26,2025,ind,okc,-5.5,0,0.30567126807194883,0.32335648980795006,1
2024-12-26,2025,mil,bkn,6.5,0,0.702166645045545,0.7059759216515494,0
2024-12-26,2025,wsh,cha,-4.5,1,0.33612830332585875,0.35383023332727626,0
2024-12-26,2025,orl,mia,-1.5,0,0.4350987358770515,0.45026177516988714,1
2024-12-26,2025,sac,det,4.5,0,0.6405974042058767,0.6461697666727237,0
2024-12-26,2025,por,utah,3.5,1,0.6078106540117457,0.6147292511447229,1
2024-12-26,2025,atl,chi,4.5,1,0.6405974042058767,0.6461697666727237,1
2024-12-27,2025,orl,ny,-6.5,0,0.27423070627036844,0.29402407834845057,1
2024-12-27,2025,phx,dal,0.5,0,0.5046500353169211,0.5166177864903634,0
2024-12-27,2025,bkn,sa,-7.5,0,0.24971854540811914,0.26598552904870054,1
2024-12-27,2025,bos,ind,11.5,1,0.8213787705325274,0.831052649787595,1
2024-12-27,2025,den,cle,-3.5,0,0.36429609862073675,0.3852707488552771,1
2024-12-27,2025,hou,min,0.5,0,0.4996407076197974,0.5166177864903634,1
2024-12-27,2025,lac,gs,5.5,1,0.6665725617832106,0.6766435101920499,1
2024-12-27,2025,no,mem,-7.5,0,0.24748059236137113,0.26598552904870054,1
2024-12-28,2025,cha,okc,-13.5,0,0.12508998170992316,0.13029451713680884,1
2024-12-28,2025,gs,phx,6.5,1,0.6966838204028819,0.7059759216515494,1
2024-12-28,2025,atl,mia,0.5,1,0.4996407076197974,0.5166177864903634,0
2024-12-28,2025,den,det,6.5,1,0.6966838204028819,0.7059759216515494,1
2024-12-28,2025,utah,phi,-7.5,0,0.24748059236137113,0.26598552904870054,1
2024-12-28,2025,lal,sac,-3.5,1,0.36429609862073675,0.3852707488552771,0
2024-12-28,2025,wsh,ny,-13.5,0,0.12508998170992316,0.13029451713680884,1
2024-12-28,2025,por,dal,-3.5,1,0.36429609862073675,0.3852707488552771,0
2024-12-28,2025,chi,mil,-1.5,1,0.43067406095056726,0.45026177516988714,0
2024-12-29,2025,bos,ind,10.5,0,0.8000944289674604,0.8092130471474894,0
2024-12-29,2025,hou,mia,8.5,0,0.7519837195889018,0.76063085913355,0
2024-12-29,2025,min,sa,6.5,1,0.6966838204028819,0.7059759216515494,1
2024-12-29,2025,okc,mem,8.5,1,0.7519837195889018,0.76063085913355,1
2024-12-29,2025,orl,bkn,7.5,1,0.7251968479432856,0.7340144709512995,1
2024-12-29,2025,tor,atl,1.5,0,0.5342948202131262,0.5497382248301129,0
2024-12-30,2025,cha,chi,-4.5,0,0.3327889121169617,0.35383023332727626,1
2024-12-30,2025,gs,cle,-3.5,0,0.36429609862073675,0.3852707488552771,1
2024-12-30,2025,wsh,ny,-12.5,0,0.14109128790875003,0.14878312418175205,1
2024-12-30,2025,no,lac,-4.5,0,0.3327889121169617,0.35383023332727626,1
2024-12-30,2025,sac,dal,7.5,1,0.7251968479432856,0.7340144709512995,1
2024-12-30,2025,utah,den,-7.5,0,0.24748059236137113,0.26598552904870054,1
2024-12-30,2025,por,phi,-6.5,0,0.27423070627036844,0.29402407834845057,1
2024-12-31,2025,bos,tor,16.5,1,0.9020203906402778,0.9154342776486643,1
2024-12-31,2025,ind,mil,-1.5,0,0.43067406095056726,0.45026177516988714,1
2024-12-31,2025,lal,cle,-4.5,0,0.3327889121169617,0.35383023332727626,1
2024-12-31,2025,okc,min,6.5,1,0.6966838204028819,0.7059759216515494,1
2024-12-31,2025,phx,mem,5.5,0,0.6665725617832106,0.6766435101920499,0
2024-12-31,2025,sa,lac,3.5,1,0.6023003993845671,0.6147292511447229,1
2025-01-01,2025,mia,no,8.5,1,0.7519837195889018,0.76063085913355,1
2025-01-01,2025,det,orl,2.5,1,0.56862102850826,0.5825156468205225,1
2025-01-01,2025,hou,dal,4.5,1,0.635037989748903,0.6461697666727237,1
2025-01-01,2025,den,atl,8.5,1,0.7519837195889018,0.76063085913355,1
2025-01-01,2025,wsh,chi,-6.5,1,0.27423070627036844,0.29402407834845057,0
2025-01-01,2025,sac,phi,6.5,1,0.6966838204028819,0.7059759216515494,1
2025-01-01,2025,tor,bkn,1.5,1,0.5342948202131262,0.5497382248301129,1
2025-01-01,2025,ny,utah,11.5,1,0.8213787705325274,0.831052649787595,1
2025-01-02,2025,gs,phi,3.5,1,0.6023003993845671,0.6147292511447229,1
2025-01-02,2025,lal,por,6.5,1,0.6966838204028819,0.7059759216515494,1
2025-01-02,2025,mia,ind,2.5,0,0.56862102850826,0.5825156468205225,0
2025-01-02,2025,mil,bkn,12.5,0,0.84084770879888,0.8512168758182479,0
2025-01-02,2025,min,bos,-2.5,0,0.39701129962911874,0.4174843531794775,1
2025-01-02,2025,okc,lac,12.5,1,0.84084770879888,0.8512168758182479,1
2025-01-03,2025,dal,cle,-9.5,0,0.1994462361111775,0.2142775316753095,1
2025-01-03,2025,den,sa,5.5,0,0.6665725617832106,0.6766435101920499,0
2025-01-03,2025,det,cha,7.5,1,0.7263688445340948,0.7340144709512995,1
2025-01-03,2025,hou,bos,-3.5,0,0.3623139382130281,0.3852707488552771,1
2025-01-03,2025,lal,atl,1.5,1,0.5337977974746559,0.5497382248301129,1
2025-01-03,2025,no,wsh,7.5,1,0.7263688445340948,0.7340144709512995,1
2025-01-03,2025,okc,ny,4.5,1,0.635488819372757,0.6461697666727237,1
2025-01-03,2025,sac,mem,3.5,1,0.6024516220904711,0.6147292511447229,1
2025-01-03,2025,tor,orl,-1.5,0,0.4292181101259479,0.45026177516988714,1
2025-01-04,2025,gs,mem,3.5,1,0.6024516220904711,0.6147292511447229,1
2025-01-04,2025,chi,ny,-5.5,1,0.30035076624421436,0.32335648980795006,0
2025-01-04,2025,det,min,-6.5,1,0.27174747280534484,0.29402407834845057,0
2025-01-04,2025,mil,por,11.5,0,0.8230082399138405,0.831052649787595,0
2025-01-04,2025,bkn,phi,-9.5,0,0.19683185492290262,0.2142775316753095,1
2025-01-04,2025,lac,atl,7.5,1,0.7263688445340948,0.7340144709512995,1
2025-01-04,2025,mia,utah,8.5,0,0.7533246954597728,0.76063085913355,0
2025-01-04,2025,sa,den,-3.5,0,0.3623139382130281,0.3852707488552771,1
2025-01-04,2025,ind,phx,2.5,1,0.5684534877250117,0.5825156468205225,1
2025-01-05,2025,cle,cha,16.5,1,0.903575183719117,0.9154342776486643,1
2025-01-05,2025,gs,sac,3.5,0,0.6024516220904711,0.6147292511447229,0
2025-01-05,2025,hou,lal,4.5,1,0.635488819372757,0.6461697666727237,1
2025-01-05,2025,okc,bos,0.5,1,0.4988127828238739,0.5166177864903634,0
2025-01-05,2025,orl,utah,9.5,0,0.7784350803263868,0.7857224683246905,0
2025-01-05,2025,wsh,no,-5.5,0,0.30035076624421436,0.32335648980795006,1
2025-01-06,2025,min,lac,2.5,1,0.5684534877250117,0.5825156468205225,1
2025-01-06,2025,chi,sa,-2.5,1,0.3952758590959242,0.4174843531794775,0
2025-01-06,2025,det,por,6.5,1,0.6976495970048302,0.7059759216515494,1
2025-01-06,2025,mem,dal,4.5,1,0.635488819372757,0.6461697666727237,1
2025-01-06,2025,tor,mil,-6.5,0,0.27174747280534484,0.29402407834845057,1
2025-01-06,2025,ny,orl,10.5,0,0.8016623291739867,0.8092130471474894,0
2025-01-06,2025,phi,phx,-1.5,0,0.4292181101259479,0.45026177516988714,1
2025-01-06,2025,sac,mia,3.5,1,0.6024516220904711,0.6147292511447229,1
2025-01-06,2025,bkn,ind,-11.5,0,0.15623571300887698,0.16894735021240503,1
2025-01-07,2025,dal,lal,-5.5,1,0.30035076624421436,0.32335648980795006,0
2025-01-07,2025,den,bos,-10.5,0,0.17561250485778662,0.19078695285251063,1
2025-01-07,2025,utah,atl,-5.5,0,0.30035076624421436,0.32335648980795006,1
2025-01-07,2025,cha,phx,-4.5,1,0.33059801678814027,0.35383023332727626,0
2025-01-07,2025,wsh,hou,-13.5,0,0.12273297058622994,0.13029451713680884,1
2025-01-07,2025,no,min,-3.5,0,0.3623139382130281,0.3852707488552771,1
2025-01-07,2025,gs,mia,9.5,0,0.7784350803263868,0.7857224683246905,0
2025-01-08,2025,bkn,det,-9.5,0,0.19683185492290262,0.2142775316753095,1
2025-01-08,2025,cle,okc,2.5,1,0.5684534877250117,0.5825156468205225,1
2025-01-08,2025,den,lac,-3.5,1,0.3623139382130281,0.3852707488552771,0
2025-01-08,2025,ind,chi,5.5,1,0.6672967303863313,0.6766435101920499,1
2025-01-08,2025,mil,sa,4.5,1,0.635488819372757,0.6461697666727237,1
2025-01-08,2025,no,por,1.5,0,0.5337977974746559,0.5497382248301129,0
2025-01-08,2025,ny,tor,12.5,1,0.8425081429605503,0.8512168758182479,1
2025-01-08,2025,phi,wsh,10.5,1,0.8016623291739867,0.8092130471474894,1
2025-01-09,2025,cle,tor,13.5,1,0.8602245326649391,0.8697054828631912,1
2025-01-09,2025,dal,por,7.5,1,0.7263688445340948,0.7340144709512995,1
2025-01-09,2025,det,gs,-2.5,0,0.3952758590959242,0.4174843531794775,1
2025-01-09,2025,mem,hou,2.5,0,0.5684534877250117,0.5825156468205225,0
2025-01-09,2025,orl,min,-5.5,0,0.30237598304856317,0.32335648980795006,1
2025-01-09,2025,phx,atl,5.5,1,0.667672091307608,0.6766435101920499,1
2025-01-09,2025,utah,mia,-5.5,0,0.30237598304856317,0.32335648980795006,1
2025-01-10,2025,bos,sac,12.5,0,0.8420626257886694,0.8512168758182479,0
2025-01-10,2025,ind,gs,10.5,1,0.8013580904029057,0.8092130471474894,1
2025-01-10,2025,chi,wsh,10.5,1,0.8013580904029057,0.8092130471474894,1
2025-01-10,2025,ny,okc,-2.5,0,0.3970596855651228,0.4174843531794775,1
2025-01-10,2025,phi,no,6.5,0,0.6978542683278752,0.7059759216515494,0
2025-01-10,2025,orl,mil,-6.5,0,0.27379853648701313,0.29402407834845057,1
2025-01-10,2025,den,bkn,14.5,1,0.8757197967984054,0.8865404641312604,1
2025-01-11,2025,det,tor,5.5,1,0.667672091307608,0.6766435101920499,1
2025-01-11,2025,min,mem,1.5,0,0.5349359063899687,0.5497382248301129,0
2025-01-11,2025,phx,utah,10.5,1,0.8013580904029057,0.8092130471474894,1
2025-01-11,2025,por,mia,-4.5,0,0.33257019939903903,0.35383023332727626,1
2025-01-12,2025,chi,sac,-5.5,0,0.30237598304856317,0.32335648980795006,1
2025-01-12,2025,cle,ind,8.5,0,0.7532371739770051,0.76063085913355,0
2025-01-12,2025,bos,no,14.5,1,0.8757197967984054,0.8865404641312604,1
2025-01-12,2025,dal,den,-5.5,0,0.30237598304856317,0.32335648980795006,1
2025-01-12,2025,ny,mil,5.5,1,0.667672091307608,0.6766435101920499,1
2025-01-12,2025,orl,phi,1.5,1,0.5349359063899687,0.5497382248301129,1
2025-01-12,2025,phx,cha,6.5,1,0.6978542683278752,0.7059759216515494,1
2025-01-12,2025,utah,bkn,3.5,1,0.6032016560207372,0.6147292511447229,1
2025-01-12,2025,wsh,okc,-15.5,0,0.09706520724708556,0.09823630291969482,1
2025-01-13,2025,lac,mia,7.5,1,0.7264184877378406,0.7340144709512995,1
2025-01-13,2025,lal,sa,4.5,0,0.6360473391889385,0.6461697666727237,0
2025-01-13,2025,hou,mem,2.5,1,0.5693985150522725,0.5825156468205225,1
2025-01-13,2025,tor,gs,-4.5,1,0.33257019939903903,0.35383023332727626,0
2025-01-13,2025,wsh,min,-14.5,0,0.10999016896376988,0.11345953586873964,1
2025-01-13,2025,ny,det,7.5,0,0.7264184877378406,0.7340144709512995,0
2025-01-14,2025,atl,phx,-2.5,1,0.3970596855651228,0.4174843531794775,0
2025-01-14,2025,chi,no,1.5,0,0.5349359063899687,0.5497382248301129,0
2025-01-14,2025,dal,den,-2.5,0,0.3970596855651228,0.4174843531794775,1
2025-01-14,2025,ind,cle,-8.5,0,0.22195899687533407,0.23936914086645,1
2025-01-14,2025,mil,sac,2.5,1,0.5693985150522725,0.5825156468205225,1
2025-01-14,2025,phi,okc,-15.5,0,0.09706520724708556,0.09823630291969482,1
2025-01-14,2025,por,bkn,3.5,0,0.6032016560207372,0.6147292511447229,0
2025-01-15,2025,mil,orl,6.5,1,0.6978542683278752,0.7059759216515494,1
2025-01-15,2025,chi,atl,6.5,0,0.6978542683278752,0.7059759216515494,0
2025-01-15,2025,lac,bkn,15.5,1,0.890116660488504,0.9017636970803051,1
2025-01-15,2025,lal,mia,4.5,1,0.6360473391889385,0.6461697666727237,1
2025-01-15,2025,sa,mem,-2.5,0,0.3970596855651228,0.4174843531794775,1
2025-01-15,2025,den,hou,-5.5,0,0.30237598304856317,0.32335648980795006,1
2025-01-15,2025,no,dal,1.5,1,0.5349359063899687,0.5497382248301129,1
2025-01-15,2025,phi,ny,-5.5,0,0.30237598304856317,0.32335648980795006,1
2025-01-15,2025,tor,bos,-13.5,1,0.1243990732707269,0.13029451713680884,0
2025-01-15,2025,utah,cha,-5.5,0,0.30237598304856317,0.32335648980795006,1
2025-01-15,2025,min,gs,6.5,0,0.6978542683278752,0.7059759216515494,0
2025-01-16,2025,det,ind,-1.5,0,0.4308691871662105,0.45026177516988714,1
2025-01-16,2025,okc,cle,2.5,1,0.5693985150522725,0.5825156468205225,1
2025-01-16,2025,por,lac,-7.5,0,0.2469658086080451,0.26598552904870054,1
2025-01-16,2025,sac,hou,4.5,1,0.6338173563424128,0.6461697666727237,1
2025-01-16,2025,wsh,phx,-11.5,0,0.1560732049276919,0.16894735021240503,1
2025-01-17,2025,mia,den,-3.5,0,0.361339281906935,0.3852707488552771,1
2025-01-17,2025,chi,cha,4.5,0,0.6338173563424128,0.6461697666727237,0
2025-01-17,2025,dal,okc,-2.5,1,0.39417816820598306,0.4174843531794775,0
2025-01-17,2025,lal,bkn,9.5,1,0.7768657536919285,0.7857224683246905,1
2025-01-17,2025,sa,mem,1.5,0,0.5322823731377468,0.5497382248301129,0
2025-01-17,2025,mil,tor,10.5,1,0.8001555836951226,0.8092130471474894,1
2025-01-17,2025,no,utah,11.5,1,0.8215728352528969,0.831052649787595,1
2025-01-17,2025,ny,min,2.5,0,0.5668676332315544,0.5825156468205225,0
2025-01-17,2025,bos,orl,14.5,1,0.875049122091049,0.8865404641312604,1
2025-01-18,2025,bos,atl,9.5,0,0.7768657536919285,0.7857224683246905,0
2025-01-18,2025,det,phx,0.5,0,0.4973840984187013,0.5166177864903634,1
2025-01-18,2025,gs,wsh,13.5,1,0.8589487873402806,0.8697054828631912,1
2025-01-18,2025,ind,phi,10.5,1,0.8001555836951226,0.8092130471474894,1
2025-01-18,2025,min,cle,-4.5,0,0.3297471072091561,0.35383023332727626,1
2025-01-18,2025,por,hou,-10.5,0,0.17538001514111828,0.19078695285251063,1
2025-01-19,2025,lac,lal,4.5,1,0.6338173563424128,0.6461697666727237,1
2025-01-19,2025,mia,sa,2.5,1,0.5668676332315544,0.5825156468205225,1
2025-01-19,2025,mil,phi,13.5,1,0.8589487873402806,0.8697054828631912,1
2025-01-19,2025,okc,bkn,16.5,1,0.9025518316657205,0.9154342776486643,1
2025-01-19,2025,orl,den,-7.5,0,0.24441063903968413,0.26598552904870054,1
2025-01-19,2025,por,chi,-4.5,1,0.3297471072091561,0.35383023332727626,0
2025-01-19,2025,sac,wsh,17.5,1,0.9141724017578422,0.9276256566985022,1
2025-01-20,2025,cha,dal,-3.5,1,0.361339281906935,0.3852707488552771,0
2025-01-20,2025,cle,phx,7.5,1,0.7247102657881098,0.7340144709512995,1
2025-01-20,2025,gs,bos,-8.5,0,0.21952760690548626,0.23936914086645,1
2025-01-20,2025,hou,det,7.5,0,0.7247102657881098,0.7340144709512995,0
2025-01-20,2025,lac,chi,5.5,0,0.6656112761557453,0.6766435101920499,0
2025-01-20,2025,mem,min,5.5,1,0.6656112761557453,0.6766435101920499,1
2025-01-20,2025,no,utah,10.5,1,0.8001555836951226,0.8092130471474894,1
2025-01-20,2025,ny,atl,8.5,1,0.7517039715314441,0.76063085913355,1
2025-01-21,2025,bkn,ny,-11.5,0,0.1560732049276919,0.16894735021240503,1
2025-01-21,2025,den,phi,11.5,1,0.8215728352528969,0.831052649787595,1
2025-01-21,2025,lal,wsh,13.5,1,0.8589487873402806,0.8697054828631912,1
2025-01-21,2025,mia,por,8.5,0,0.7517039715314441,0.76063085913355,0
2025-01-21,2025,tor,orl,-1.5,1,0.4280014554402336,0.45026177516988714,0
2025-01-22,2025,hou,cle,0.5,1,0.4973840984187013,0.5166177864903634,0
2025-01-22,2025,atl,det,4.5,0,0.6338173563424128,0.6461697666727237,0
2025-01-22,2025,dal,min,-3.5,0,0.361339281906935,0.3852707488552771,1
2025-01-22,2025,bkn,phx,-12.5,0,0.13853473230913457,0.14878312418175205,1
2025-01-22,2025,okc,utah,15.5,1,0.8895479984626126,0.9017636970803051,1
2025-01-22,2025,mem,cha,11.5,1,0.8215728352528969,0.831052649787595,1
2025-01-22,2025,sac,gs,7.5,1,0.7247102657881098,0.7340144709512995,1
2025-01-22,2025,lac,bos,-11.5,0,0.1560732049276919,0.16894735021240503,1
2025-01-23,2025,gs,chi,4.5,1,0.6334147813371515,0.6461697666727237,1
2025-01-23,2025,atl,tor,5.5,0,0.6652839750514339,0.6766435101920499,0
2025-01-23,2025,den,sac,7.5,1,0.7245222423104438,0.7340144709512995,1
2025-01-23,2025,orl,por,6.5,0,0.6959688510120189,0.7059759216515494,0
2025-01-23,2025,ind,sa,2.5,0,0.5663121468253997,0.5825156468205225,0
2025-01-23,2025,mil,mia,5.5,1,0.6656112761557453,0.6766435101920499,1
2025-01-23,2025,okc,dal,11.5,0,0.8215728352528969,0.831052649787595,0
2025-01-23,2025,lal,bos,-6.5,1,0.27113429936946204,0.29402407834845057,0
2025-01-23,2025,lac,wsh,14.5,1,0.875049122091049,0.8865404641312604,1
2025-01-24,2025,cha,por,0.5,0,0.4966866242164536,0.5166177864903634,1
2025-01-24,2025,mem,no,9.5,1,0.7767939247344682,0.7857224683246905,1
2025-01-24,2025,phi,cle,-9.5,1,0.1956630730932825,0.2142775316753095,0
2025-01-25,2025,atl,tor,5.5,0,0.6652839750514339,0.6766435101920499,0
2025-01-25,2025,bkn,mia,-6.5,0,0.2702187600055902,0.29402407834845057,1
2025-01-25,2025,cha,no,-2.5,1,0.3933231324603618,0.4174843531794775,0
2025-01-25,2025,phx,wsh,14.5,1,0.8751480938670015,0.8865404641312604,1
2025-01-25,2025,cle,hou,4.5,0,0.6334147813371515,0.6461697666727237,0
2025-01-25,2025,chi,phi,3.5,0,0.6003341076982442,0.6147292511447229,0
2025-01-25,2025,mem,utah,11.5,1,0.8215894882427764,0.831052649787595,1
2025-01-25,2025,lac,mil,3.5,1,0.6003341076982442,0.6147292511447229,1
2025-01-25,2025,dal,bos,-8.5,0,0.21864382817092493,0.23936914086645,1
2025-01-25,2025,min,den,-3.5,1,0.36045223681859956,0.3852707488552771,0
2025-01-25,2025,ny,sac,4.5,1,0.6334147813371515,0.6461697666727237,1
2025-01-25,2025,orl,det,3.5,1,0.6003341076982442,0.6147292511447229,1
2025-01-25,2025,gs,lal,0.5,0,0.4966866242164536,0.5166177864903634,1
2025-01-25,2025,sa,ind,-2.5,0,0.3933231324603618,0.4174843531794775,1
2025-01-26,2025,por,okc,-13.5,0,0.12198428871485242,0.13029451713680884,1
2025-01-27,2025,bkn,sac,-12.5,0,0.13779390623033416,0.14878312418175205,1
2025-01-27,2025,dal,wsh,13.5,1,0.8590264949207496,0.8697054828631912,1
2025-01-27,2025,cha,lal,-4.5,0,0.3288394173429534,0.35383023332727626,1
2025-01-27,2025,chi,den,-9.5,1,0.1956630730932825,0.2142775316753095,0
2025-01-27,2025,cle,det,10.5,1,0.8001315393994238,0.8092130471474894,1
2025-01-27,2025,tor,no,0.5,1,0.4966866242164536,0.5166177864903634,0
2025-01-27,2025,bos,hou,5.5,0,0.6652839750514339,0.6766435101920499,0
2025-01-27,2025,min,atl,10.5,1,0.8001315393994238,0.8092130471474894,1
2025-01-27,2025,ny,mem,4.5,1,0.6334147813371515,0.6461697666727237,1
2025-01-27,2025,phx,lac,1.5,1,0.5316534467949421,0.5497382248301129,1
2025-01-27,2025,utah,mil,-8.5,0,0.21864382817092493,0.23936914086645,1
2025-01-27,2025,mia,orl,-1.5,1,0.42718936888416953,0.45026177516988714,0
2025-01-28,2025,atl,hou,-5.5,0,0.29870421131763175,0.32335648980795006,1
2025-01-28,2025,gs,utah,10.5,1,0.8001315393994238,0.8092130471474894,1
2025-01-28,2025,phi,lal,-4.5,1,0.3288394173429534,0.35383023332727626,0
2025-01-28,2025,por,mil,-5.5,1,0.29870421131763175,0.32335648980795006,0
2025-01-29,2025,gs,okc,-9.5,1,0.1956630730932825,0.2142775316753095,0
2025-01-29,2025,no,dal,-1.5,0,0.42718936888416953,0.45026177516988714,1
2025-01-29,2025,bos,chi,14.5,1,0.8751480938670015,0.8865404641312604,1
2025-01-29,2025,cha,bkn,1.5,0,0.5316534467949421,0.5497382248301129,0
2025-01-29,2025,ind,det,5.5,1,0.6652839750514339,0.6766435101920499,1
2025-01-29,2025,ny,den,2.5,1,0.5663121468253997,0.5825156468205225,1
2025-01-29,2025,phx,min,0.5,0,0.4966866242164536,0.5166177864903634,1
2025-01-29,2025,sa,lac,-3.5,0,0.36045223681859956,0.3852707488552771,1
2025-01-29,2025,wsh,tor,-5.5,0,0.29870421131763175,0.32335648980795006,1
2025-01-29,2025,phi,sac,-8.5,1,0.21864382817092493,0.23936914086645,0
2025-01-29,2025,mia,cle,-5.5,0,0.29870421131763175,0.32335648980795006,1
2025-01-30,2025,cle,atl,11.5,1,0.8215894882427764,0.831052649787595,1
2025-01-30,2025,mem,hou,4.5,1,0.6344473483023638,0.6461697666727237,1
2025-01-30,2025,por,orl,-5.5,1,0.3015297047721187,0.32335648980795006,0
2025-01-30,2025,utah,min,-5.5,0,0.3015297047721187,0.32335648980795006,1
2025-01-30,2025,wsh,lal,-8.5,0,0.2214158370309613,0.23936914086645,1
2025-01-31,2025,det,dal,-1.5,1,0.42960157998086757,0.45026177516988714,0
2025-01-31,2025,no,bos,-11.5,0,0.1577792864954636,0.16894735021240503,1
2025-01-31,2025,gs,phx,-2.5,0,0.39589148707624916,0.4174843531794775,1
2025-01-31,2025,sa,mil,-2.5,1,0.39589148707624916,0.4174843531794775,0
2025-01-31,2025,phi,den,-9.5,0,0.19836074934857262,0.2142775316753095,1
2025-01-31,2025,tor,chi,4.5,0,0.6344473483023638,0.6461697666727237,0
2025-01-31,2025,cha,lac,-13.5,0,0.12421370525844219,0.13029451713680884,1
2025-02-01,2025,ny,lal,10.5,0,0.7999792753948367,0.8092130471474894,0
2025-02-01,2025,ind,atl,9.5,1,0.7767849745969861,0.7857224683246905,1
2025-02-01,2025,hou,bkn,12.5,0,0.840832913676391,0.8512168758182479,0
2025-02-01,2025,min,wsh,11.5,0,0.8213178487888667,0.831052649787595,0
2025-02-01,2025,utah,orl,-3.5,1,0.3631425252195585,0.3852707488552771,0
2025-02-01,2025,okc,sac,7.5,1,0.7248711553754756,0.7340144709512995,1
2025-02-01,2025,sa,mia,-2.5,0,0.39589148707624916,0.4174843531794775,1
2025-02-01,2025,por,phx,-4.5,1,0.33161552980472525,0.35383023332727626,0
2025-02-01,2025,cha,den,-12.5,0,0.14015757937077683,0.14878312418175205,1
2025-02-02,2025,phi,bos,-12.5,0,0.14015757937077683,0.14878312418175205,1
2025-02-02,2025,tor,lac,-5.5,1,0.3015297047721187,0.32335648980795006,0
2025-02-02,2025,cle,dal,15.5,1,0.8891264287453592,0.9017636970803051,1
2025-02-02,2025,det,chi,5.5,1,0.666073872174781,0.6766435101920499,1
2025-02-02,2025,mil,mem,3.5,0,0.6016169985330908,0.6147292511447229,0
2025-02-03,2025,den,no,9.5,1,0.7767849745969861,0.7857224683246905,1
2025-02-03,2025,det,atl,4.5,0,0.6344473483023638,0.6461697666727237,0
2025-02-03,2025,cha,wsh,4.5,0,0.6344473483023638,0.6461697666727237,0
2025-02-03,2025,gs,orl,3.5,1,0.6016169985330908,0.6147292511447229,1
2025-02-03,2025,mem,sa,4.5,1,0.6344473483023638,0.6461697666727237,1
2025-02-03,2025,min,sac,4.5,0,0.6344473483023638,0.6461697666727237,0
2025-02-03,2025,ny,hou,7.5,1,0.7248711553754756,0.7340144709512995,1
2025-02-03,2025,utah,ind,-6.5,0,0.2730583059445666,0.29402407834845057,1
2025-02-03,2025,okc,mil,17.5,1,0.9137354621825058,0.9276256566985022,1
2025-02-03,2025,por,phx,-4.5,1,0.33161552980472525,0.35383023332727626,0
2025-02-04,2025,bkn,hou,-8.5,1,0.2214158370309613,0.23936914086645,0
2025-02-04,2025,chi,mia,-3.5,1,0.3631425252195585,0.3852707488552771,0
2025-02-04,2025,cle,bos,1.5,0,0.5334334246723169,0.5497382248301129,0
2025-02-04,2025,lac,lal,8.5,0,0.7517357603181273,0.76063085913355,0
2025-02-04,2025,phi,dal,3.5,1,0.6016169985330908,0.6147292511447229,1
2025-02-04,2025,por,ind,-5.5,1,0.3015297047721187,0.32335648980795006,0
2025-02-04,2025,tor,ny,-5.5,0,0.3015297047721187,0.32335648980795006,1
2025-02-05,2025,min,chi,10.5,1,0.7963386367015745,0.8092130471474894,1
2025-02-05,2025,atl,sa,-4.5,0,0.3345088923448924,0.35383023332727626,1
2025-02-05,2025,bkn,wsh,5.5,0,0.6636843829846585,0.6766435101920499,0
2025-02-05,2025,cha,mil,-8.5,0,0.2214158370309613,0.23936914086645,1
2025-02-05,2025,det,cle,-3.5,0,0.3631425252195585,0.3852707488552771,1
2025-02-05,2025,phi,mia,1.5,0,0.5334334246723169,0.5497382248301129,0
2025-02-05,2025,okc,phx,12.5,1,0.840832913676391,0.8512168758182479,1
2025-02-05,2025,sac,orl,3.5,0,0.6016169985330908,0.6147292511447229,0
2025-02-05,2025,tor,mem,-9.5,0,0.19836074934857262,0.2142775316753095,1
2025-02-05,2025,utah,gs,-6.5,1,0.2730583059445666,0.29402407834845057,0
2025-02-05,2025,den,no,11.5,1,0.8213178487888667,0.831052649787595,1
2025-02-06,2025,bos,dal,12.5,0,0.8371385270857151,0.8512168758182479,0
2025-02-06,2025,den,orl,6.5,1,0.6934968151385629,0.7059759216515494,1
2025-02-06,2025,lac,ind,5.5,0,0.6636843829846585,0.6766435101920499,0
2025-02-06,2025,lal,gs,4.5,1,0.6325088108730538,0.6461697666727237,1
2025-02-06,2025,min,hou,0.5,1,0.49898685658470837,0.5166177864903634,0
2025-02-06,2025,por,sac,-1.5,1,0.431048085014798,0.45026177516988714,0
2025-02-07,2025,bkn,mia,-5.5,1,0.30478306775025904,0.32335648980795006,0
2025-02-07,2025,atl,mil,-2.5,1,0.39787237912131646,0.4174843531794775,0
2025-02-07,2025,wsh,cle,-17.5,0,0.07829324296045483,0.07237434330149783,1
2025-02-07,2025,cha,sa,-9.5,1,0.20234999795880548,0.2142775316753095,0
2025-02-07,2025,phx,utah,7.5,1,0.7217744036731241,0.7340144709512995,1
2025-02-07,2025,okc,tor,18.5,1,0.9211198583542725,0.9384226919630906,1
2025-02-07,2025,det,phi,-6.5,1,0.2766008792620606,0.29402407834845057,0
2025-02-08,2025,lac,utah,17.5,1,0.9105931431018178,0.9276256566985022,1
2025-02-08,2025,lal,ind,-4.5,1,0.3345088923448924,0.35383023332727626,0
2025-02-08,2025,chi,gs,-6.5,0,0.2766008792620606,0.29402407834845057,1
2025-02-08,2025,min,por,3.5,1,0.6001842705001139,0.6147292511447229,1
2025-02-08,2025,mem,okc,-1.5,0,0.431048085014798,0.45026177516988714,1
2025-02-08,2025,orl,sa,2.5,1,0.5669630596596086,0.5825156468205225,1
2025-02-08,2025,ny,bos,-2.5,0,0.39787237912131646,0.4174843531794775,1
2025-02-08,2025,sac,no,8.5,1,0.748389666982521,0.76063085913355,1
2025-02-08,2025,wsh,atl,-6.5,0,0.2766008792620606,0.29402407834845057,1
2025-02-08,2025,dal,hou,3.5,1,0.6001842705001139,0.6147292511447229,1
2025-02-08,2025,phx,den,-6.5,0,0.2766008792620606,0.29402407834845057,1
2025-02-09,2025,det,cha,11.5,1,0.8176233515207123,0.831052649787595,1
2025-02-09,2025,hou,tor,8.5,1,0.748389666982521,0.76063085913355,1
2025-02-09,2025,mil,phi,-3.5,1,0.3656092461543954,0.3852707488552771,0
2025-02-10,2025,lal,utah,12.5,1,0.8371385270857151,0.8512168758182479,1
2025-02-10,2025,bkn,cha,4.5,1,0.6325088108730538,0.6461697666727237,1
2025-02-10,2025,cle,min,7.5,1,0.7217744036731241,0.7340144709512995,1
2025-02-10,2025,den,por,9.5,1,0.7732587172292822,0.7857224683246905,1
2025-02-10,2025,dal,sac,-1.5,0,0.431048085014798,0.45026177516988714,1
2025-02-10,2025,mia,bos,-8.5,0,0.22532335618600272,0.23936914086645,1
2025-02-10,2025,okc,no,17.5,1,0.9105931431018178,0.9276256566985022,1
2025-02-10,2025,orl,atl,6.5,0,0.6934968151385629,0.7059759216515494,0
2025-02-10,2025,wsh,sa,-10.5,0,0.1811711544950758,0.19078695285251063,1
2025-02-10,2025,mil,gs,-7.5,0,0.250087185626611,0.26598552904870054,1
2025-02-11,2025,chi,det,-5.5,0,0.30478306775025904,0.32335648980795006,1
2025-02-11,2025,ind,ny,-2.5,0,0.39787237912131646,0.4174843531794775,1
2025-02-11,2025,phi,tor,10.5,0,0.7963386367015745,0.8092130471474894,0
2025-02-11,2025,phx,mem,-3.5,0,0.3656092461543954,0.3852707488552771,1
2025-02-12,2025,hou,phx,9.5,1,0.7739267520171195,0.7857224683246905,1
2025-02-12,2025,bkn,phi,1.5,1,0.5346791836719893,0.5497382248301129,1
2025-02-12,2025,bos,sa,7.5,1,0.7226607878160716,0.7340144709512995,1
2025-02-12,2025,chi,det,-6.5,0,0.27833441099103845,0.29402407834845057,1
2025-02-12,2025,dal,gs,-7.5,1,0.2517692650920246,0.26598552904870054,0
2025-02-12,2025,den,por,8.5,1,0.749163963519494,0.76063085913355,1
2025-02-12,2025,tor,cle,-12.5,0,0.14535622081565114,0.14878312418175205,1
2025-02-12,2025,lac,mem,6.5,1,0.6944992382964204,0.7059759216515494,1
2025-02-12,2025,ny,atl,8.5,1,0.748389666982521,0.76063085913355,1
2025-02-12,2025,okc,mia,13.5,1,0.8549359801236701,0.8697054828631912,1
2025-02-12,2025,orl,cha,12.5,1,0.8371385270857151,0.8512168758182479,1
2025-02-12,2025,utah,lal,-9.5,1,0.20234999795880548,0.2142775316753095,0
2025-02-12,2025,min,mil,9.5,0,0.7739267520171195,0.7857224683246905,0
2025-02-12,2025,wsh,ind,-9.5,0,0.20234999795880548,0.2142775316753095,1
2025-02-12,2025,no,sac,-5.5,0,0.30478306775025904,0.32335648980795006,1
2025-02-13,2025,min,okc,-9.5,1,0.20389629755240063,0.2142775316753095,0
2025-02-13,2025,dal,mia,-2.5,1,0.3996558271179337,0.4174843531794775,0
2025-02-13,2025,no,sac,-7.5,1,0.2517692650920246,0.26598552904870054,0
2025-02-13,2025,utah,lac,-9.5,0,0.20389629755240063,0.2142775316753095,1
2025-02-13,2025,hou,gs,-1.5,0,0.43279918392930267,0.45026177516988714,1
2025-02-19,2025,lal,cha,13.5,0,0.8552588705981711,0.8697054828631912,0
2025-02-20,2025,den,cha,18.5,1,0.9211994316677616,0.9384226919630906,1
2025-02-20,2025,atl,orl,-1.5,0,0.43279918392930267,0.45026177516988714,1
2025-02-20,2025,ind,mem,0.5,1,0.5006200045237919,0.5166177864903634,1
2025-02-20,2025,phi,bos,-6.5,0,0.27833441099103845,0.29402407834845057,1
2025-02-20,2025,bkn,cle,-12.5,0,0.14535622081565114,0.14878312418175205,1
2025-02-20,2025,sa,phx,-2.5,1,0.3996558271179337,0.4174843531794775,0
2025-02-20,2025,por,lal,-1.5,0,0.43279918392930267,0.45026177516988714,1
2025-02-20,2025,ny,chi,10.5,1,0.7969076464285043,0.8092130471474894,1
2025-02-20,2025,mil,lac,-1.5,1,0.43279918392930267,0.45026177516988714,0
2025-02-21,2025,orl,mem,-1.5,0,0.43279918392930267,0.45026177516988714,1
2025-02-21,2025,cle,ny,7.5,1,0.7226607878160716,0.7340144709512995,1
2025-02-21,2025,hou,min,4.5,1,0.6337455452133854,0.6461697666727237,1
2025-02-21,2025,tor,mia,-3.5,0,0.36740650182405493,0.3852707488552771,1
2025-02-21,2025,dal,no,5.5,1,0.6648044841899452,0.6766435101920499,1
2025-02-21,2025,sac,gs,-2.5,0,0.3996558271179337,0.4174843531794775,1
2025-02-21,2025,utah,okc,-15.5,0,0.1014809591326878,0.09823630291969482,1
2025-02-21,2025,wsh,mil,-5.5,0,0.306554147417735,0.32335648980795006,1
2025-02-21,2025,sa,det,-4.5,0,0.3363017102478399,0.35383023332727626,1
2025-02-22,2025,chi,phx,-5.5,0,0.306554147417735,0.32335648980795006,1
2025-02-22,2025,den,lal,6.5,0,0.6944992382964204,0.7059759216515494,0
2025-02-22,2025,phi,bkn,11.5,0,0.8181015296350237,0.831052649787595,0
2025-02-22,2025,por,cha,6.5,1,0.6944992382964204,0.7059759216515494,1
2025-02-22,2025,utah,hou,-8.5,1,0.22694225579522367,0.23936914086645,0
2025-02-23,2025,atl,det,-1.5,0,0.43279918392930267,0.45026177516988714,1
2025-02-23,2025,bos,ny,7.5,1,0.7226607878160716,0.7340144709512995,1
2025-02-23,2025,ind,lac,3.5,1,0.6015336457158642,0.6147292511447229,1
2025-02-23,2025,gs,dal,9.5,1,0.7739267520171195,0.7857224683246905,1
2025-02-23,2025,cle,mem,5.5,1,0.6648044841899452,0.6766435101920499,1
2025-02-23,2025,mil,mia,3.5,1,0.6015336457158642,0.6147292511447229,1
2025-02-23,2025,min,okc,-8.5,0,0.22694225579522367,0.23936914086645,1
2025-02-23,2025,orl,wsh,13.5,1,0.8552588705981711,0.8697054828631912,1
2025-02-23,2025,no,sa,2.5,1,0.5684180182568521,0.5825156468205225,1
2025-02-23,2025,tor,phx,-2.5,1,0.3996558271179337,0.4174843531794775,0
2025-02-24,2025,atl,mia,2.5,1,0.5684180182568521,0.5825156468205225,1
2025-02-24,2025,det,lac,2.5,1,0.5684180182568521,0.5825156468205225,1
2025-02-24,2025,ind,den,-3.5,0,0.3702579686973617,0.3852707488552771,1
2025-02-24,2025,okc,min,12.5,0,0.8377578699421715,0.8512168758182479,0
2025-02-24,2025,phi,chi,5.5,0,0.6662029855163728,0.6766435101920499,0
2025-02-24,2025,sac,cha,10.5,1,0.797387517066463,0.8092130471474894,1
2025-02-24,2025,utah,por,-7.5,0,0.25458664465328584,0.26598552904870054,1
2025-02-24,2025,wsh,bkn,-1.5,1,0.4354825444633175,0.45026177516988714,0
2025-02-25,2025,lal,dal,8.5,1,0.749969922544556,0.76063085913355,1
2025-02-25,2025,hou,mil,2.5,1,0.5704459382747226,0.5825156468205225,1
2025-02-25,2025,orl,cle,-6.5,0,0.28120326778305416,0.29402407834845057,1
2025-02-25,2025,gs,cha,17.5,1,0.9105707269699653,0.9276256566985022,1
2025-02-25,2025,no,sa,2.5,1,0.5704459382747226,0.5825156468205225,1
2025-02-25,2025,tor,bos,-10.5,0,0.18517255944467534,0.19078695285251063,1
2025-02-25,2025,mem,phx,6.5,1,0.6956902005254184,0.7059759216515494,1
2025-02-26,2025,bkn,okc,-16.5,0,0.09141579438357877,0.08456572235133575,1
2025-02-26,2025,chi,lac,-9.5,0,0.2065428942976563,0.2142775316753095,1
2025-02-26,2025,det,bos,-4.5,1,0.33918973093482996,0.35383023332727626,0
2025-02-26,2025,utah,sac,-9.5,0,0.2065428942976563,0.2142775316753095,1
2025-02-26,2025,hou,sa,7.5,1,0.723653072265768,0.7340144709512995,1
2025-02-26,2025,mia,atl,3.5,1,0.6033558550530697,0.6147292511447229,1
2025-02-26,2025,ny,phi,8.5,1,0.749969922544556,0.76063085913355,1
2025-02-26,2025,ind,tor,11.5,1,0.8184442367741372,0.831052649787595,1
2025-02-26,2025,wsh,por,-6.5,0,0.28120326778305416,0.29402407834845057,1
2025-02-27,2025,dal,cha,10.5,1,0.797387517066463,0.8092130471474894,1
2025-02-27,2025,lal,min,5.5,1,0.6662029855163728,0.6766435101920499,1
2025-02-27,2025,mil,den,-3.5,1,0.3702579686973617,0.3852707488552771,0
2025-02-27,2025,orl,gs,-4.5,0,0.33918973093482996,0.35383023332727626,1
2025-02-27,2025,phx,no,6.5,0,0.6956902005254184,0.7059759216515494,0
2025-02-28,2025,det,den,2.5,0,0.5704459382747226,0.5825156468205225,0
2025-02-28,2025,bos,cle,0.5,0,0.5030192391339825,0.5166177864903634,0
2025-02-28,2025,atl,okc,-10.5,0,0.18517255944467534,0.19078695285251063,1
2025-02-28,2025,bkn,por,-1.5,0,0.4354825444633175,0.45026177516988714,1
2025-02-28,2025,chi,tor,1.5,1,0.5369012697264627,0.5497382248301129,1
2025-02-28,2025,mia,ind,-2.5,1,0.4024388555641672,0.4174843531794775,0
2025-02-28,2025,phx,no,9.5,1,0.7745613360425149,0.7857224683246905,1
2025-02-28,2025,mem,ny,2.5,0,0.5704459382747226,0.5825156468205225,0
2025-02-28,2025,utah,min,-3.5,1,0.3702579686973617,0.3852707488552771,0
2025-02-28,2025,lal,lac,0.5,1,0.5030192391339825,0.5166177864903634,1
2025-03-01,2025,cha,wsh,3.5,0,0.6033558550530697,0.6147292511447229,0
2025-03-01,2025,dal,mil,-2.5,0,0.4024388555641672,0.4174843531794775,1
2025-03-01,2025,det,bkn,12.5,1,0.8377578699421715,0.8512168758182479,1
2025-03-01,2025,hou,sac,3.5,0,0.6033558550530697,0.6147292511447229,0
2025-03-01,2025,mem,sa,5.5,0,0.6662029855163728,0.6766435101920499,0
2025-03-01,2025,phi,gs,-6.5,1,0.28120326778305416,0.29402407834845057,0
2025-03-02,2025,bos,den,5.5,1,0.6657530506315937,0.6766435101920499,1
2025-03-02,2025,cle,por,10.5,1,0.797387517066463,0.8092130471474894,1
2025-03-02,2025,ind,chi,11.5,1,0.8184442367741372,0.831052649787595,1
2025-03-02,2025,utah,no,-7.5,0,0.25458664465328584,0.26598552904870054,1
2025-03-02,2025,lal,lac,-2.5,1,0.4007951520907687,0.4174843531794775,0
2025-03-02,2025,orl,tor,6.5,0,0.6956902005254184,0.7059759216515494,0
2025-03-02,2025,phx,min,-2.5,0,0.4024388555641672,0.4174843531794775,1
2025-03-02,2025,sa,okc,-13.5,0,0.13134954439353655,0.13029451713680884,1
2025-03-02,2025,mia,ny,-6.5,0,0.28120326778305416,0.29402407834845057,1
2025-03-03,2025,cha,gs,-12.5,0,0.14602266530541688,0.14878312418175205,1
2025-03-03,2025,dal,sac,-1.5,0,0.4339497538842906,0.45026177516988714,1
2025-03-03,2025,mem,atl,7.5,0,0.7234893851999922,0.7340144709512995,0
2025-03-03,2025,mia,wsh,8.5,1,0.749929371296819,0.76063085913355,1
2025-03-03,2025,okc,hou,15.5,1,0.8862532693454157,0.9017636970803051,1
2025-03-03,2025,phi,por,-1.5,0,0.4339497538842906,0.45026177516988714,1
2025-03-03,2025,utah,det,-10.5,0,0.18342021365570213,0.19078695285251063,1
2025-03-04,2025,lal,no,7.5,1,0.7234893851999922,0.7340144709512995,1
2025-03-04,2025,chi,cle,-13.5,0,0.12982106596904658,0.13029451713680884,1
2025-03-04,2025,ind,hou,4.5,1,0.6347478147717706,0.6461697666727237,1
2025-03-04,2025,atl,mil,-5.5,0,0.3076028959378142,0.32335648980795006,1
2025-03-04,2025,phx,lac,-2.5,1,0.4007951520907687,0.4174843531794775,0
2025-03-04,2025,ny,gs,1.5,0,0.5357993437013227,0.5497382248301129,0
2025-03-04,2025,orl,tor,6.5,0,0.6953893903107756,0.7059759216515494,0
2025-03-04,2025,min,phi,13.5,1,0.8557253261825658,0.8697054828631912,1
2025-03-04,2025,sa,bkn,3.5,1,0.602583350405852,0.6147292511447229,1
2025-03-05,2025,den,sac,8.5,1,0.749929371296819,0.76063085913355,1
2025-03-05,2025,cle,mia,13.5,1,0.8557253261825658,0.8697054828631912,1
2025-03-05,2025,bos,por,8.5,1,0.749929371296819,0.76063085913355,1
2025-03-05,2025,cha,min,-9.5,0,0.20473712488979207,0.2142775316753095,1
2025-03-05,2025,mem,okc,-7.5,0,0.2527218613038617,0.26598552904870054,1
2025-03-05,2025,wsh,utah,5.5,1,0.6657530506315937,0.6766435101920499,1
2025-03-05,2025,lac,det,-3.5,1,0.3685244784387167,0.3852707488552771,0
2025-03-05,2025,mil,dal,12.5,1,0.8380556204489129,0.8512168758182479,1
2025-03-06,2025,atl,ind,1.5,1,0.5357993437013227,0.5497382248301129,1
2025-03-06,2025,bkn,gs,-11.5,0,0.1638654571755435,0.16894735021240503,1
2025-03-06,2025,bos,phi,13.5,1,0.8557253261825658,0.8697054828631912,1
2025-03-06,2025,lal,ny,2.5,1,0.5695074381497562,0.5825156468205225,1
2025-03-06,2025,no,hou,-3.5,0,0.3685244784387167,0.3852707488552771,1
2025-03-06,2025,orl,chi,8.5,0,0.749929371296819,0.76063085913355,0
2025-03-07,2025,lac,ny,6.5,1,0.6953893903107756,0.7059759216515494,1
2025-03-07,2025,cha,cle,-16.5,0,0.0901554223646068,0.08456572235133575,1
2025-03-07,2025,den,phx,8.5,1,0.749929371296819,0.76063085913355,1
2025-03-07,2025,dal,mem,-9.5,0,0.20473712488979207,0.2142775316753095,1
2025-03-07,2025,sac,sa,6.5,1,0.6953893903107756,0.7059759216515494,1
2025-03-07,2025,okc,por,1.5,1,0.5357993437013227,0.5497382248301129,1
2025-03-07,2025,tor,utah,5.5,1,0.6657530506315937,0.6766435101920499,1
2025-03-07,2025,mia,min,-3.5,0,0.3685244784387167,0.3852707488552771,1
2025-03-08,2025,bos,lal,6.5,1,0.6953893903107756,0.7059759216515494,1
2025-03-08,2025,gs,det,5.5,1,0.6657530506315937,0.6766435101920499,1
2025-03-08,2025,atl,ind,-1.5,1,0.4339497538842906,0.45026177516988714,0
2025-03-08,2025,cha,bkn,-5.5,1,0.3076028959378142,0.32335648980795006,0
2025-03-08,2025,mil,orl,6.5,0,0.6953893903107756,0.7059759216515494,0
2025-03-08,2025,tor,wsh,4.5,0,0.6347478147717706,0.6461697666727237,0
2025-03-08,2025,mia,chi,5.5,0,0.6657530506315937,0.6766435101920499,0
2025-03-08,2025,hou,no,6.5,1,0.6953893903107756,0.7059759216515494,1
2025-03-09,2025,no,mem,-9.5,0,0.2030746154997132,0.2142775316753095,1
2025-03-09,2025,okc,den,7.5,1,0.7234893851999922,0.7340144709512995,1
2025-03-09,2025,dal,phx,-6.5,0,0.2793377491651356,0.29402407834845057,1
2025-03-09,2025,lac,sac,5.5,1,0.6677730008904252,0.6766435101920499,1
2025-03-09,2025,mil,cle,-7.5,0,0.2512772348575128,0.26598552904870054,1
2025-03-09,2025,min,sa,10.5,1,0.8000439330174615,0.8092130471474894,1
2025-03-09,2025,phi,utah,6.5,1,0.6975836356298968,0.7059759216515494,1
2025-03-09,2025,por,det,-3.5,0,0.3679408906114589,0.3852707488552771,1
2025-03-10,2025,chi,ind,-3.5,1,0.3679408906114589,0.3852707488552771,0
2025-03-10,2025,bos,utah,15.5,1,0.8884502626784665,0.9017636970803051,1
2025-03-10,2025,gs,por,11.5,1,0.8211644598179515,0.831052649787595,1
2025-03-10,2025,hou,orl,3.5,1,0.6041421115223122,0.6147292511447229,1
2025-03-10,2025,bkn,lal,-5.5,1,0.30652066412013534,0.32335648980795006,0
2025-03-10,2025,atl,phi,9.5,1,0.7771061207038387,0.7857224683246905,1
2025-03-10,2025,okc,den,9.5,0,0.7771061207038387,0.7857224683246905,0
2025-03-10,2025,sac,ny,-1.5,0,0.4339667359474536,0.45026177516988714,1
2025-03-10,2025,tor,wsh,6.5,1,0.6975836356298968,0.7059759216515494,1
2025-03-10,2025,mia,cha,9.5,0,0.7771061207038387,0.7857224683246905,0
2025-03-10,2025,sa,dal,6.5,0,0.6975836356298968,0.7059759216515494,0
2025-03-10,2025,mem,phx,2.5,1,0.5707878664317043,0.5825156468205225,1
2025-03-11,2025,cle,bkn,14.5,1,0.874057452051419,0.8865404641312604,1
2025-03-11,2025,det,wsh,14.5,1,0.874057452051419,0.8865404641312604,1
2025-03-11,2025,ind,mil,1.5,1,0.5367780845705555,0.5497382248301129,1
2025-03-11,2025,no,lac,-7.5,1,0.2512772348575128,0.26598552904870054,0
2025-03-12,2025,hou,phx,4.5,1,0.636554804857074,0.6461697666727237,1
2025-03-12,2025,atl,cha,7.5,1,0.7258176633492952,0.7340144709512995,1
2025-03-12,2025,bos,okc,2.5,0,0.5707878664317043,0.5825156468205225,0
2025-03-12,2025,den,min,1.5,0,0.5367780845705555,0.5497382248301129,0
2025-03-12,2025,mem,utah,10.5,1,0.8000439330174615,0.8092130471474894,1
2025-03-12,2025,por,ny,-3.5,0,0.3679408906114589,0.3852707488552771,1
2025-03-12,2025,sa,dal,6.5,1,0.6975836356298968,0.7059759216515494,1
2025-03-12,2025,tor,phi,2.5,1,0.5707878664317043,0.5825156468205225,1
2025-03-12,2025,mia,lac,1.5,0,0.5367780845705555,0.5497382248301129,0
2025-03-13,2025,chi,bkn,1.5,1,0.5367780845705555,0.5497382248301129,1
2025-03-13,2025,det,wsh,13.5,0,0.8581041871799557,0.8697054828631912,0
2025-03-13,2025,gs,sac,7.5,1,0.7258176633492952,0.7340144709512995,1
2025-03-13,2025,mil,lal,6.5,1,0.6975836356298968,0.7059759216515494,1
2025-03-13,2025,no,orl,-2.5,0,0.4005022616882307,0.4174843531794775,1
2025-03-14,2025,hou,dal,11.5,1,0.8211644598179515,0.831052649787595,1
2025-03-14,2025,atl,lac,-4.5,0,0.3365406944736321,0.35383023332727626,1
2025-03-14,2025,den,lal,15.5,1,0.8884502626784665,0.9017636970803051,1
2025-03-14,2025,mem,cle,-1.5,0,0.4339667359474536,0.45026177516988714,1
2025-03-14,2025,mia,bos,-8.5,0,0.2262689929571777,0.23936914086645,1
2025-03-14,2025,min,orl,10.5,1,0.8000439330174615,0.8092130471474894,1
2025-03-14,2025,phx,sac,1.5,1,0.5367780845705555,0.5497382248301129,1
2025-03-14,2025,sa,cha,2.5,0,0.5707878664317043,0.5825156468205225,0
2025-03-14,2025,phi,ind,-12.5,0,0.1442721360430277,0.14878312418175205,1
2025-03-14,2025,utah,tor,1.5,0,0.5367780845705555,0.5497382248301129,0
2025-03-15,2025,bkn,bos,-11.5,0,0.16211658476015944,0.16894735021240503,1
2025-03-15,2025,den,wsh,12.5,0,0.8404988723972331,0.8512168758182479,0
2025-03-15,2025,det,okc,-4.5,0,0.3365406944736321,0.35383023332727626,1
2025-03-15,2025,gs,ny,6.5,1,0.6975836356298968,0.7059759216515494,1
2025-03-15,2025,hou,chi,8.5,1,0.7520505855412651,0.76063085913355,1
2025-03-15,2025,mem,mia,5.5,1,0.6672905187450088,0.6766435101920499,1
2025-03-15,2025,mil,ind,3.5,1,0.6035328202021124,0.6147292511447229,1
2025-03-15,2025,sa,no,0.5,1,0.5016460320285082,0.5166177864903634,1
2025-03-16,2025,lac,cha,13.5,1,0.8580211342362518,0.8697054828631912,1
2025-03-16,2025,cle,orl,10.5,0,0.7998452589317437,0.8092130471474894,0
2025-03-16,2025,dal,phi,6.5,0,0.6971641888199646,0.7059759216515494,0
2025-03-16,2025,bkn,atl,-6.5,1,0.2771713679840219,0.29402407834845057,0
2025-03-16,2025,lal,phx,3.5,1,0.6035328202021124,0.6147292511447229,1
2025-03-16,2025,mil,okc,-5.5,0,0.30562318283463097,0.32335648980795006,1
2025-03-16,2025,por,tor,7.5,1,0.7254591108945811,0.7340144709512995,1
2025-03-16,2025,min,utah,13.5,1,0.8580211342362518,0.8697054828631912,1
2025-03-17,2025,no,det,-6.5,0,0.2771713679840219,0.29402407834845057,1
2025-03-17,2025,gs,den,12.5,0,0.8403824147244621,0.8512168758182479,0
2025-03-17,2025,lal,sa,8.5,1,0.7520505855412651,0.76063085913355,1
2025-03-17,2025,min,ind,10.5,0,0.7998452589317437,0.8092130471474894,0
2025-03-17,2025,hou,phi,16.5,1,0.9013729489783003,0.9154342776486643,1
2025-03-17,2025,ny,mia,6.5,1,0.6971641888199646,0.7059759216515494,1
2025-03-17,2025,phx,tor,9.5,1,0.7768586820807384,0.7857224683246905,1
2025-03-17,2025,sac,mem,3.5,1,0.6035328202021124,0.6147292511447229,1
2025-03-17,2025,utah,chi,-4.5,0,0.33563943966675874,0.35383023332727626,1
2025-03-17,2025,por,wsh,5.5,1,0.6672905187450088,0.6766435101920499,1
2025-03-18,2025,bos,bkn,13.5,1,0.8580211342362518,0.8697054828631912,1
2025-03-18,2025,cha,atl,-7.5,0,0.2504130561031212,0.26598552904870054,1
2025-03-18,2025,gs,mil,-1.5,1,0.43311221571665415,0.45026177516988714,0
2025-03-18,2025,lac,cle,-2.5,1,0.3996223601355428,0.4174843531794775,0
2025-03-19,2025,orl,hou,-2.5,0,0.3996223601355428,0.4174843531794775,1
2025-03-19,2025,ind,dal,10.5,1,0.7998452589317437,0.8092130471474894,1
2025-03-19,2025,lal,den,5.5,1,0.6672905187450088,0.6766435101920499,1
2025-03-19,2025,mia,det,-4.5,0,0.33563943966675874,0.35383023332727626,1
2025-03-19,2025,okc,phi,12.5,1,0.8403824147244621,0.8512168758182479,1
2025-03-19,2025,por,mem,-4.5,1,0.33563943966675874,0.35383023332727626,0
2025-03-19,2025,phx,chi,5.5,1,0.6672905187450088,0.6766435101920499,1
2025-03-19,2025,sa,ny,-8.5,1,0.22543235322907465,0.23936914086645,0
2025-03-19,2025,sac,cle,-6.5,1,0.2771713679840219,0.29402407834845057,0
2025-03-19,2025,utah,wsh,2.5,1,0.5701180536668435,0.5825156468205225,1
2025-03-19,2025,min,no,13.5,0,0.8580211342362518,0.8697054828631912,0
2025-03-20,2025,cha,ny,-7.5,1,0.2504130561031212,0.26598552904870054,0
2025-03-20,2025,gs,tor,14.5,1,0.8740029055249678,0.8865404641312604,1
2025-03-20,2025,ind,bkn,7.5,1,0.7254591108945811,0.7340144709512995,1
2025-03-20,2025,lal,mil,-8.5,0,0.22543235322907465,0.23936914086645,1
2025-03-20,2025,sac,chi,7.5,0,0.7254591108945811,0.7340144709512995,0
2025-03-21,2025,okc,cha,20.5,1,0.9396801647995584,0.9562127451926002,1
2025-03-21,2025,dal,det,-9.5,1,0.20711424395606337,0.2142775316753095,0
2025-03-21,2025,mia,hou,-4.5,0,0.33563943966675874,0.35383023332727626,1
2025-03-21,2025,min,no,14.5,1,0.8740029055249678,0.8865404641312604,1
2025-03-21,2025,lac,mem,6.5,1,0.6971641888199646,0.7059759216515494,1
2025-03-21,2025,phx,cle,-8.5,1,0.22543235322907465,0.23936914086645,0
2025-03-21,2025,por,den,-1.5,1,0.43311221571665415,0.45026177516988714,0
2025-03-21,2025,utah,bos,-15.5,0,0.09980391319656041,0.09823630291969482,1
2025-03-21,2025,wsh,orl,-8.5,0,0.22543235322907465,0.23936914086645,1
2025-03-21,2025,sa,phi,5.5,1,0.6672905187450088,0.6766435101920499,1
2025-03-22,2025,atl,gs,-2.5,1,0.40408448485187426,0.4174843531794775,0
2025-03-22,2025,ind,bkn,13.5,1,0.8571655615570047,0.8697054828631912,1
2025-03-22,2025,lal,chi,10.5,0,0.7994910066568288,0.8092130471474894,0
2025-03-22,2025,ny,wsh,15.5,1,0.8874043221330981,0.9017636970803051,1
2025-03-22,2025,sac,mil,1.5,0,0.5390776492726805,0.5497382248301129,0
2025-03-23,2025,lac,okc,0.5,0,0.5050882720428834,0.5166177864903634,0
2025-03-23,2025,det,no,11.5,1,0.8204489942807905,0.831052649787595,1
2025-03-23,2025,hou,den,7.5,0,0.7259732552551454,0.7340144709512995,0
2025-03-23,2025,atl,phi,10.5,1,0.7994910066568288,0.8092130471474894,1
2025-03-23,2025,utah,cle,-16.5,0,0.0914263455073635,0.08456572235133575,1
2025-03-23,2025,por,bos,-6.5,0,0.2821989984190306,0.29402407834845057,1
2025-03-23,2025,tor,sa,0.5,0,0.5050882720428834,0.5166177864903634,0
2025-03-23,2025,mia,cha,7.5,1,0.7259732552551454,0.7340144709512995,1
2025-03-24,2025,bkn,dal,-2.5,0,0.40408448485187426,0.4174843531794775,1
2025-03-24,2025,den,chi,2.5,0,0.5727074864280447,0.5825156468205225,0
2025-03-24,2025,ind,min,-2.5,1,0.40408448485187426,0.4174843531794775,0
2025-03-24,2025,no,phi,3.5,1,0.6056784421302717,0.6147292511447229,1
2025-03-24,2025,orl,lal,-4.5,1,0.3405088569625678,0.35383023332727626,0
2025-03-24,2025,phx,mil,2.5,1,0.5727074864280447,0.5825156468205225,1
2025-03-24,2025,sac,bos,-4.5,0,0.3405088569625678,0.35383023332727626,1
2025-03-24,2025,wsh,tor,1.5,0,0.5390776492726805,0.5497382248301129,0
2025-03-25,2025,cha,orl,-4.5,0,0.3405088569625678,0.35383023332727626,1
2025-03-25,2025,det,sa,9.5,1,0.7767523610348728,0.7857224683246905,1
2025-03-25,2025,hou,atl,7.5,1,0.7259732552551454,0.7340144709512995,1
2025-03-25,2025,mia,gs,-4.5,1,0.3405088569625678,0.35383023332727626,0
2025-03-25,2025,ny,dal,11.5,1,0.8204489942807905,0.831052649787595,1
2025-03-25,2025,por,cle,-6.5,0,0.2821989984190306,0.29402407834845057,1
2025-03-25,2025,sac,okc,-8.5,0,0.2303861001895016,0.23936914086645,1
2025-03-25,2025,utah,mem,-11.5,0,0.1659009716914226,0.16894735021240503,1
2025-03-26,2025,ind,lal,0.5,0,0.5050882720428834,0.5166177864903634,0
2025-03-26,2025,den,mil,11.5,1,0.8204489942807905,0.831052649787595,1
2025-03-26,2025,bkn,tor,2.5,0,0.5727074864280447,0.5825156468205225,0
2025-03-26,2025,phx,bos,-4.5,0,0.3405088569625678,0.35383023332727626,1
2025-03-26,2025,phi,wsh,3.5,0,0.6056784421302717,0.6147292511447229,0
2025-03-26,2025,ny,lac,-4.5,0,0.3405088569625678,0.35383023332727626,1
2025-03-27,2025,okc,mem,10.5,1,0.7994910066568288,0.8092130471474894,1
2025-03-27,2025,chi,lal,-3.5,1,0.3717419249672281,0.3852707488552771,0
2025-03-27,2025,mia,atl,1.5,1,0.5390776492726805,0.5497382248301129,1
2025-03-27,2025,cle,sa,13.5,1,0.8571655615570047,0.8697054828631912,1
2025-03-27,2025,utah,hou,-13.5,0,0.13152823193728325,0.13029451713680884,1
2025-03-27,2025,sac,por,5.5,1,0.668572328809468,0.6766435101920499,1
2025-03-27,2025,wsh,ind,-12.5,0,0.14789120386468735,0.14878312418175205,1
2025-03-27,2025,orl,dal,6.5,0,0.6980461920098119,0.7059759216515494,0
2025-03-28,2025,min,phx,7.5,1,0.7255104799568137,0.7340144709512995,1
2025-03-28,2025,no,gs,-15.5,0,0.10339432941103141,0.09823630291969482,1
2025-03-28,2025,bkn,lac,-12.5,0,0.14789120386468735,0.14878312418175205,1
2025-03-28,2025,den,utah,19.5,1,0.9314770187183503,0.9479187205847804,1
2025-03-28,2025,det,cle,-6.5,1,0.2821989984190306,0.29402407834845057,0
2025-03-28,2025,mil,ny,1.5,0,0.5390776492726805,0.5497382248301129,0
2025-03-28,2025,tor,cha,5.5,1,0.6679190047477753,0.6766435101920499,1
2025-03-29,2025,mem,lal,1.5,0,0.5380361659526327,0.5497382248301129,0
2025-03-29,2025,chi,dal,2.5,0,0.5717577590115926,0.5825156468205225,0
2025-03-29,2025,okc,ind,8.5,1,0.7518586217066775,0.76063085913355,1
2025-03-29,2025,orl,sac,1.5,1,0.5380361659526327,0.5497382248301129,1
2025-03-29,2025,phi,mia,-7.5,0,0.25410339923709957,0.26598552904870054,1
2025-03-29,2025,wsh,bkn,2.5,0,0.5717577590115926,0.5825156468205225,0
2025-03-29,2025,sa,bos,-12.5,0,0.14681767379045688,0.14878312418175205,1
2025-03-30,2025,cle,lac,6.5,1,0.6974902918880014,0.7059759216515494,1
2025-03-30,2025,mil,atl,4.5,0,0.6369616109670451,0.6461697666727237,0
2025-03-30,2025,min,det,8.5,1,0.7518586217066775,0.76063085913355,1
2025-03-30,2025,no,cha,2.5,1,0.5717577590115926,0.5825156468205225,1
2025-03-30,2025,ny,por,7.5,1,0.7255104799568137,0.7340144709512995,1
2025-03-30,2025,phi,tor,-6.5,0,0.2808481281904623,0.29402407834845057,1
2025-03-30,2025,phx,hou,-2.5,0,0.4027764833715154,0.4174843531794775,1
2025-03-30,2025,sa,gs,-11.5,0,0.16476477255403785,0.16894735021240503,1
2025-03-31,2025,cha,utah,4.5,1,0.6369616109670451,0.6461697666727237,1
2025-03-31,2025,dal,bkn,9.5,0,0.7764568925375239,0.7857224683246905,0
2025-03-31,2025,ind,sac,3.5,1,0.6048257503432185,0.6147292511447229,1
2025-03-31,2025,lal,hou,4.5,1,0.6369616109670451,0.6461697666727237,1
2025-03-31,2025,mem,bos,-2.5,0,0.4027764833715154,0.4174843531794775,1
2025-03-31,2025,okc,chi,15.5,1,0.8874205815421465,0.9017636970803051,1
2025-03-31,2025,orl,lac,-3.5,0,0.3704010068153569,0.3852707488552771,1
2025-03-31,2025,wsh,mia,-9.5,0,0.20586707944085475,0.2142775316753095,1
2025-04-01,2025,atl,por,5.5,0,0.6679190047477753,0.6766435101920499,0
2025-04-01,2025,chi,tor,4.5,1,0.6369616109670451,0.6461697666727237,1
2025-04-01,2025,sa,orl,-5.5,0,0.30924074097142756,0.32335648980795006,1
2025-04-01,2025,den,min,1.5,0,0.5380361659526327,0.5497382248301129,0
2025-04-01,2025,mil,phx,6.5,1,0.6974902918880014,0.7059759216515494,1
2025-04-01,2025,ny,phi,12.5,1,0.8395519963557023,0.8512168758182479,1
2025-04-01,2025,mem,gs,-3.5,0,0.3704010068153569,0.3852707488552771,1
2025-04-02,2025,bos,mia,10.5,0,0.7992677501054978,0.8092130471474894,0
2025-04-02,2025,cle,ny,10.5,1,0.7992677501054978,0.8092130471474894,1
2025-04-02,2025,dal,atl,3.5,1,0.6048257503432185,0.6147292511447229,1
2025-04-02,2025,den,sa,2.5,0,0.5717577590115926,0.5825156468205225,0
2025-04-02,2025,hou,utah,15.5,1,0.8874205815421465,0.9017636970803051,1
2025-04-02,2025,ind,cha,15.5,1,0.8874205815421465,0.9017636970803051,1
2025-04-02,2025,lac,no,18.5,1,0.9223291226779408,0.9384226919630906,1
2025-04-02,2025,okc,det,12.5,1,0.8395519963557023,0.8512168758182479,1
2025-04-02,2025,wsh,sac,-13.5,1,0.1305199864703646,0.13029451713680884,0
2025-04-03,2025,bkn,min,-14.5,0,0.1157859248053288,0.11345953586873964,1
2025-04-03,2025,mia,mem,-5.5,0,0.30924074097142756,0.32335648980795006,1
2025-04-03,2025,lal,gs,0.5,0,0.5039629079903228,0.5166177864903634,0
2025-04-03,2025,wsh,orl,-15.5,0,0.1025190370990143,0.09823630291969482,1
2025-04-03,2025,tor,por,-5.5,0,0.30924074097142756,0.32335648980795006,1
2025-04-03,2025,phi,mil,-11.5,0,0.16476477255403785,0.16894735021240503,1
2025-04-04,2025,bos,phx,14.5,1,0.8730359663813635,0.8865404641312604,1
2025-04-04,2025,cha,sac,-11.5,0,0.16476477255403785,0.16894735021240503,1
2025-04-04,2025,chi,por,6.5,1,0.6974902918880014,0.7059759216515494,1
2025-04-04,2025,gs,den,3.5,1,0.6038634143557279,0.6147292511447229,1
2025-04-04,2025,hou,okc,-5.5,1,0.3054836823741265,0.32335648980795006,0
2025-04-04,2025,ind,utah,17.5,1,0.9133309792850404,0.9276256566985022,1
2025-04-04,2025,lac,dal,12.5,1,0.8408407803227598,0.8512168758182479,1
2025-04-04,2025,lal,no,15.5,1,0.8888255101956662,0.9017636970803051,1
2025-04-04,2025,sa,cle,-12.5,0,0.1433149463835379,0.14878312418175205,1
2025-04-04,2025,tor,det,-10.5,0,0.1806686507886154,0.19078695285251063,1
2025-04-05,2025,atl,ny,-1.5,0,0.433173328174874,0.45026177516988714,1
2025-04-05,2025,phi,min,-16.5,0,0.08782950754725398,0.08456572235133575,1
2025-04-05,2025,det,mem,-1.5,0,0.433173328174874,0.45026177516988714,1
2025-04-05,2025,mia,mil,0.5,0,0.50182154621106,0.5166177864903634,0
2025-04-05,2025,lac,dal,9.5,1,0.7773335251806114,0.7857224683246905,1
2025-04-06,2025,cle,sac,9.5,0,0.7773335251806114,0.7857224683246905,0
2025-04-06,2025,atl,utah,13.5,1,0.8584649126838281,0.8697054828631912,1
2025-04-06,2025,bkn,tor,-2.5,0,0.3996277146572956,0.4174843531794775,1
2025-04-06,2025,cha,chi,-7.5,0,0.2502046480920511,0.26598552904870054,1
2025-04-06,2025,no,mil,-6.5,0,0.2769942932190255,0.29402407834845057,1
2025-04-06,2025,bos,wsh,19.5,1,0.9328429946997185,0.9479187205847804,1
2025-04-06,2025,gs,hou,5.5,0,0.6676977841977357,0.6766435101920499,0
2025-04-06,2025,ny,phx,9.5,1,0.7773335251806114,0.7857224683246905,1
2025-04-06,2025,okc,lal,9.5,0,0.7773335251806114,0.7857224683246905,0
2025-04-06,2025,por,sa,3.5,1,0.6038634143557279,0.6147292511447229,1
2025-04-06,2025,den,ind,6.5,0,0.697599261438965,0.7059759216515494,0
2025-04-07,2025,det,sac,4.5,0,0.6363807838962939,0.6461697666727237,0
2025-04-07,2025,mia,phi,11.5,1,0.8214784407080286,0.831052649787595,1
2025-04-08,2025,cle,chi,15.5,1,0.8888255101956662,0.9017636970803051,1
2025-04-08,2025,bkn,no,1.5,1,0.5362828957989394,0.5497382248301129,1
2025-04-08,2025,lac,sa,12.5,1,0.8408407803227598,0.8512168758182479,1
2025-04-08,2025,ind,wsh,18.5,1,0.923656880222911,0.9384226919630906,1
2025-04-08,2025,cha,mem,-14.5,0,0.11262264063355873,0.11345953586873964,1
2025-04-08,2025,mil,min,-6.5,1,0.2769942932190255,0.29402407834845057,0
2025-04-08,2025,phx,gs,-9.5,0,0.20201901107982212,0.2142775316753095,1
2025-04-08,2025,orl,atl,5.5,1,0.6676977841977357,0.6766435101920499,1
2025-04-08,2025,ny,bos,-2.5,0,0.3996277146572956,0.4174843531794775,1
2025-04-08,2025,okc,lal,9.5,1,0.7773335251806114,0.7857224683246905,1
2025-04-09,2025,orl,bos,7.5,1,0.7259146010367306,0.7340144709512995,1
2025-04-09,2025,dal,lal,-4.5,0,0.33554337365123316,0.35383023332727626,1
2025-04-09,2025,gs,sa,17.5,0,0.9133309792850404,0.9276256566985022,0
2025-04-09,2025,lac,hou,10.5,1,0.8003199741395662,0.8092130471474894,1
2025-04-09,2025,chi,mia,-1.5,1,0.433173328174874,0.45026177516988714,0
2025-04-09,2025,phx,okc,-6.5,0,0.2769942932190255,0.29402407834845057,1
2025-04-09,2025,sac,den,-4.5,0,0.33554337365123316,0.35383023332727626,1
2025-04-09,2025,tor,cha,11.5,1,0.8214784407080286,0.831052649787595,1
2025-04-09,2025,wsh,phi,-2.5,0,0.3996277146572956,0.4174843531794775,1
2025-04-09,2025,utah,por,-6.5,1,0.2769942932190255,0.29402407834845057,0
2025-04-10,2025,det,ny,4.5,1,0.6363807838962939,0.6461697666727237,1
2025-04-10,2025,mem,min,-2.5,0,0.3996277146572956,0.4174843531794775,1
2025-04-10,2025,bkn,atl,-13.5,0,0.127179922651873,0.13029451713680884,1
2025-04-10,2025,mil,no,16.5,1,0.9017569849222234,0.9154342776486643,1
2025-04-10,2025,ind,cle,9.5,1,0.7773335251806114,0.7857224683246905,1
2025-04-11,2025,ind,orl,3.5,0,0.6029113782143241,0.6147292511447229,0
2025-04-11,2025,min,bkn,21.5,1,0.9484660547684519,0.963406811452511,1
2025-04-11,2025,chi,wsh,13.5,1,0.8586010212668573,0.8697054828631912,1
2025-04-11,2025,dal,tor,11.5,1,0.821493234310615,0.831052649787595,1
2025-04-11,2025,den,mem,7.5,1,0.7255287073727024,0.7340144709512995,1
2025-04-11,2025,det,mil,4.5,0,0.6355778279345895,0.6461697666727237,0
2025-04-11,2025,lal,hou,13.5,1,0.8586010212668573,0.8697054828631912,1
2025-04-11,2025,ny,cle,3.5,0,0.6029113782143241,0.6147292511447229,0
2025-04-11,2025,no,mia,-14.5,0,0.11131450631509679,0.11345953586873964,1
2025-04-11,2025,phi,atl,-11.5,0,0.15955385144952625,0.16894735021240503,1
2025-04-11,2025,phx,sa,5.5,1,0.6670410434252652,0.6766435101920499,1
2025-04-11,2025,por,gs,-15.5,0,0.09832333377254827,0.09823630291969482,1
2025-04-11,2025,sac,lac,-7.5,0,0.24841041071346415,0.26598552904870054,1
2025-04-11,2025,utah,okc,-8.5,0,0.22344208632701137,0.23936914086645,1
2025-04-11,2025,bos,cha,21.5,1,0.9484660547684519,0.963406811452511,1
2025-04-13,2025,gs,lac,3.5,0,0.6029113782143241,0.6147292511447229,0
2025-04-13,2025,atl,orl,-3.5,1,0.36524634769704023,0.3852707488552771,0
2025-04-13,2025,bkn,ny,-5.5,0,0.3036690613211454,0.32335648980795006,1
2025-04-13,2025,bos,cha,10.5,1,0.800254602973474,0.8092130471474894,1
2025-04-13,2025,cle,ind,-6.5,0,0.2751801139876255,0.29402407834845057,1
2025-04-13,2025,hou,den,-5.5,0,0.3036690613211454,0.32335648980795006,1
2025-04-13,2025,mem,dal,-1.5,1,0.43157126221449715,0.45026177516988714,0
2025-04-13,2025,mia,wsh,8.5,0,0.7522530250590134,0.76063085913355,0
2025-04-13,2025,min,utah,23.5,1,0.960449645398735,0.974904544060485,1
2025-04-13,2025,no,okc,-13.5,0,0.12578271676207817,0.13029451713680884,1
2025-04-13,2025,phi,chi,-7.5,0,0.24841041071346415,0.26598552904870054,1
2025-04-13,2025,por,lal,5.5,1,0.6670410434252652,0.6766435101920499,1
2025-04-13,2025,mil,det,-9.5,1,0.20031451953202883,0.2142775316753095,0
2025-04-13,2025,sa,tor,4.5,1,0.6355778279345895,0.6461697666727237,1
2025-04-13,2025,sac,phx,15.5,1,0.8890368410265739,0.9017636970803051,1
